dato,defensiv,offensiv
2003-01-02,51.90003204345703,59.3289909362793
2003-01-03,51.90636444091797,59.511383056640625
2003-01-06,51.874752044677734,60.56028747558594
2003-01-07,51.912689208984375,60.41044235229492
2003-01-08,51.95700454711914,59.537437438964844
2003-01-09,51.86207580566406,60.462554931640625
2003-01-10,51.93166732788086,60.625404357910156
2003-01-13,51.919002532958984,60.605857849121094
2003-01-14,51.93800735473633,60.80128479003906
2003-01-15,51.95700454711914,60.19548034667969
2003-01-16,51.98863220214844,59.94788360595703
2003-01-17,51.97600173950195,59.06190872192383
2003-01-21,52.03925704956055,58.14332962036133
2003-01-22,52.07728958129883,57.439762115478516
2003-01-23,52.045597076416016,57.79155349731445
2003-01-24,52.03925704956055,56.27363967895508
2003-01-27,52.03925704956055,55.5048828125
2003-01-28,52.05193328857422,55.91533660888672
2003-01-29,52.00760269165039,56.33876419067383
2003-01-30,52.0709228515625,55.00326156616211
2003-01-31,52.05827713012695,56.06513977050781
2003-02-03,52.02784729003906,56.17591094970703
2003-02-04,52.08491516113281,55.62210464477539
2003-02-05,52.06583786010742,55.27688217163086
2003-02-06,52.0911750793457,55.01628112792969
2003-02-07,52.13557434082031,54.34528732299805
2003-02-10,52.097572326660156,54.72962188720703
2003-02-11,52.116554260253906,54.35179901123047
2003-02-12,52.16093063354492,53.485347747802734
2003-02-13,52.205299377441406,53.648189544677734
2003-02-14,52.16093063354492,54.82085418701172
2003-02-18,52.14196014404297,55.78501892089844
2003-02-19,52.167301177978516,55.491859436035156
2003-02-20,52.19898223876953,54.938106536865234
2003-02-21,52.15458297729492,55.491859436035156
2003-02-24,52.18000030517578,54.59282684326172
2003-02-25,52.21164321899414,55.02930450439453
2003-02-26,52.23701095581055,54.227989196777344
2003-02-27,52.23701095581055,54.94459915161133
2003-02-28,52.262367248535156,55.30946350097656
2003-03-03,52.27949905395508,54.78173828125
2003-03-04,52.273162841796875,53.90879440307617
2003-03-05,52.31758117675781,54.36481475830078
2003-03-06,52.33665084838867,53.90879440307617
2003-03-07,52.387413024902344,54.2801399230957
2003-03-10,52.43816375732422,52.977203369140625
2003-03-11,52.393741607666016,52.456031799316406
2003-03-12,52.35566711425781,52.80780792236328
2003-03-13,52.19698715209961,54.63195037841797
2003-03-14,52.24778366088867,54.807804107666016
2003-03-17,52.18427276611328,56.53422546386719
2003-03-18,52.13987731933594,56.866458892822266
2003-03-19,52.127227783203125,57.302921295166016
2003-03-20,52.190650939941406,57.42671585083008
2003-03-21,52.05735778808594,58.65248107910156
2003-03-24,52.17158889770508,56.70330047607422
2003-03-25,52.17158889770508,57.24617385864258
2003-03-26,52.23509216308594,56.95836639404297
2003-03-27,52.24778366088867,57.00416946411133
2003-03-28,52.31758117675781,56.716331481933594
2003-03-31,52.35566711425781,55.42780685424805
2003-04-01,52.3442268371582,56.278114318847656
2003-04-02,52.287044525146484,57.63861846923828
2003-04-03,52.318817138671875,57.36393356323242
2003-04-04,52.30611038208008,57.70402145385742
2003-04-07,52.274295806884766,57.592872619628906
2003-04-08,52.325191497802734,57.68442153930664
2003-04-09,52.356937408447266,56.925697326660156
2003-04-10,52.287044525146484,57.23963928222656
2003-04-11,52.261600494384766,57.00416946411133
2003-04-14,52.21711349487305,58.18152618408203
2003-04-15,52.25522994995117,58.72444152832031
2003-04-16,52.261600494384766,57.72367858886719
2003-04-17,52.21711349487305,58.5805549621582
2003-04-21,52.2488899230957,58.63938522338867
2003-04-22,52.24251937866211,59.74481964111328
2003-04-23,52.28068542480469,60.29424285888672
2003-04-24,52.33152770996094,59.75789260864258
2003-04-25,52.38236618041992,59.018798828125
2003-04-28,52.36965560913086,60.0391731262207
2003-04-29,52.33152770996094,60.24848937988281
2003-04-30,52.43953323364258,60.11764907836914
2003-05-01,52.439517974853516,60.111087799072266
2003-05-02,52.38224411010742,60.967952728271484
2003-05-05,52.42046356201172,60.8502197265625
2003-05-06,52.49686050415039,61.42586135864258
2003-05-07,52.509578704833984,61.08572769165039
2003-05-08,52.484107971191406,60.47086715698242
2003-05-09,52.471370697021484,61.3081169128418
2003-05-12,52.509578704833984,62.0603141784668
2003-05-13,52.49686050415039,61.949092864990234
2003-05-14,52.5286865234375,61.81829833984375
2003-05-15,52.509578704833984,62.21075439453125
2003-05-16,52.566864013671875,62.05375289916992
2003-05-19,52.57960510253906,60.6016960144043
2003-05-20,52.64965057373047,60.47740936279297
2003-05-21,52.57960510253906,60.6016960144043
2003-05-22,52.59872817993164,61.20344543457031
2003-05-23,52.61777114868164,61.327693939208984
2003-05-27,52.59872817993164,62.40043258666992
2003-05-28,52.63053894042969,62.57704544067383
2003-05-29,52.64965057373047,62.41351318359375
2003-05-30,52.63053894042969,63.41426467895508
2003-06-02,52.60311508178711,63.67591857910156
2003-06-03,52.705108642578125,63.937522888183594
2003-06-04,52.74972152709961,64.85983276367188
2003-06-05,52.717857360839844,65.1803207397461
2003-06-06,52.705108642578125,64.92522430419922
2003-06-09,52.77518844604492,64.26455688476562
2003-06-10,52.83256912231445,64.91871643066406
2003-06-11,52.79438018798828,65.6054916381836
2003-06-12,52.826210021972656,65.80826568603516
2003-06-13,52.87082290649414,65.12144470214844
2003-06-16,52.80710983276367,66.49506378173828
2003-06-17,52.7305908203125,66.49506378173828
2003-06-18,52.73695373535156,66.4361801147461
2003-06-19,52.7879524230957,65.42231750488281
2003-06-20,52.77518844604492,65.27792358398438
2003-06-23,52.826210021972656,64.60835266113281
2003-06-24,52.86446762084961,64.67396545410156
2003-06-25,52.75609588623047,64.0240707397461
2003-06-26,52.66048812866211,64.85782623291016
2003-06-27,52.67322540283203,64.10940551757812
2003-06-30,52.717857360839844,64.0897216796875
2003-07-01,52.719093322753906,64.68053436279297
2003-07-02,52.74467849731445,65.49453735351562
2003-07-03,52.687217712402344,64.81838989257812
2003-07-07,52.6744499206543,66.10506439208984
2003-07-08,52.65531539916992,66.40046691894531
2003-07-09,52.66807174682617,66.02628326416016
2003-07-10,52.712738037109375,65.18600463867188
2003-07-11,52.731937408447266,65.8030776977539
2003-07-14,52.687217712402344,66.1247329711914
2003-07-15,52.62345504760742,65.98033905029297
2003-07-16,52.629756927490234,65.59300994873047
2003-07-17,52.59789276123047,64.66084289550781
2003-07-18,52.59148025512695,65.32388305664062
2003-07-21,52.50215530395508,64.51641082763672
2003-07-22,52.55319595336914,65.1007080078125
2003-07-23,52.57876968383789,65.1466064453125
2003-07-24,52.57229995727539,64.65428161621094
2003-07-25,52.59789276123047,65.79655456542969
2003-07-28,52.52767562866211,65.55362701416016
2003-07-29,52.48299789428711,65.25165557861328
2003-07-30,52.508506774902344,65.09412384033203
2003-07-31,52.451114654541016,65.24508666992188
2003-08-01,52.39487075805664,64.66741180419922
2003-08-04,52.47789764404297,64.66741180419922
2003-08-05,52.382076263427734,63.295448303222656
2003-08-06,52.43320083618164,63.66304397583008
2003-08-07,52.490699768066406,64.33263397216797
2003-08-08,52.50350570678711,64.51641082763672
2003-08-11,52.43320083618164,64.75932312011719
2003-08-12,52.52264404296875,65.35016632080078
2003-08-13,52.420406341552734,65.01535034179688
2003-08-14,52.407649993896484,65.19257354736328
2003-08-15,52.44599533081055,65.39608764648438
2003-08-18,52.43960952758789,65.96063232421875
2003-08-19,52.50350570678711,66.2100601196289
2003-08-20,52.465152740478516,65.94092559814453
2003-08-21,52.38846206665039,66.1510009765625
2003-08-22,52.375709533691406,65.49453735351562
2003-08-25,52.350162506103516,65.5995864868164
2003-08-26,52.407649993896484,65.71774291992188
2003-08-27,52.35654067993164,65.73744201660156
2003-08-28,52.43320083618164,66.1444091796875
2003-08-29,52.42681121826172,66.59080505371094
2003-09-02,52.35832595825195,67.4836654663086
2003-09-03,52.3967399597168,67.8512191772461
2003-09-04,52.46712112426758,67.88404083251953
2003-09-05,52.64622497558594,67.50331115722656
2003-09-08,52.5822868347168,68.06130981445312
2003-09-09,52.671836853027344,67.61489868164062
2003-09-10,52.70380783081055,66.9322280883789
2003-09-11,52.66545486450195,67.12911987304688
2003-09-12,52.71024703979492,67.25386047363281
2003-09-15,52.76141357421875,67.01751708984375
2003-09-16,52.76776885986328,67.99567413330078
2003-09-17,52.76141357421875,67.86434936523438
2003-09-18,52.71024703979492,68.66524505615234
2003-09-19,52.71024703979492,68.31600189208984
2003-09-22,52.72943878173828,67.57791137695312
2003-09-23,52.7421875,67.83493041992188
2003-09-24,52.77417755126953,66.62895965576172
2003-09-25,52.78062438964844,66.08203887939453
2003-09-26,52.84455871582031,65.86459350585938
2003-09-29,52.81898880004883,66.5103759765625
2003-09-30,52.927734375,65.86459350585938
2003-10-01,52.93607711791992,67.2681884765625
2003-10-02,52.93607711791992,67.51202392578125
2003-10-03,52.80152893066406,68.13143920898438
2003-10-06,52.83999252319336,68.4411849975586
2003-10-07,52.78879165649414,68.70476531982422
2003-10-08,52.78879165649414,68.53341674804688
2003-10-09,52.78236770629883,68.71797180175781
2003-10-10,52.81439971923828,68.90906524658203
2003-10-13,52.820770263671875,69.12651824951172
2003-10-14,52.769535064697266,69.37034606933594
2003-10-15,52.70551300048828,69.18584442138672
2003-10-16,52.583858489990234,69.46258544921875
2003-10-17,52.64785385131836,68.70476531982422
2003-10-20,52.65424728393555,69.21879577636719
2003-10-21,52.667083740234375,69.10012817382812
2003-10-22,52.72469711303711,68.23033142089844
2003-10-23,52.71190643310547,68.10513305664062
2003-10-24,52.775943756103516,68.25672149658203
2003-10-27,52.71831130981445,68.28958892822266
2003-10-28,52.807979583740234,69.21879577636719
2003-10-29,52.75031280517578,69.3110122680664
2003-10-30,52.70551300048828,69.45600128173828
2003-10-31,52.71190643310547,69.39007568359375
2003-11-03,52.68049621582031,69.84476470947266
2003-11-04,52.71895217895508,69.69319915771484
2003-11-05,52.66766357421875,69.74593353271484
2003-11-06,52.609962463378906,70.11498260498047
2003-11-07,52.56507873535156,69.59437561035156
2003-11-10,52.57789611816406,69.3110122680664
2003-11-11,52.57789611816406,69.29129791259766
2003-11-12,52.609962463378906,70.06884765625
2003-11-13,52.72538375854492,70.08861541748047
2003-11-14,52.78950881958008,69.49555969238281
2003-11-17,52.82155990600586,69.14628601074219
2003-11-18,52.82801055908203,68.42802429199219
2003-11-19,52.731788635253906,69.0079116821289
2003-11-20,52.8343620300293,68.38845825195312
2003-11-21,52.81516647338867,68.67182922363281
2003-11-24,52.744598388671875,69.58122253417969
2003-11-25,52.80234146118164,69.84476470947266
2003-11-26,52.744598388671875,70.0952377319336
2003-11-28,52.68049621582031,70.14791870117188
2003-12-01,52.60856628417969,70.90576171875
2003-12-02,52.66632080078125,70.7278060913086
2003-12-03,52.621421813964844,70.6158218383789
2003-12-04,52.67277526855469,70.90576171875
2003-12-05,52.839744567871094,70.41152954101562
2003-12-08,52.781982421875,70.88597869873047
2003-12-09,52.74982833862305,70.33903503417969
2003-12-10,52.81407928466797,70.33242797851562
2003-12-11,52.92323303222656,71.1231918334961
2003-12-12,52.91038513183594,71.26158905029297
2003-12-15,52.89753723144531,70.90576171875
2003-12-16,53.14582824707031,71.27478790283203
2003-12-17,53.15226364135742,71.4988021850586
2003-12-18,53.1651611328125,72.30278778076172
2003-12-19,53.17802047729492,72.10150909423828
2003-12-22,53.14582824707031,72.60469818115234
2003-12-23,53.06193161010742,72.65103912353516
2003-12-24,53.18447494506836,72.57820892333984
2003-12-26,53.229637145996094,72.63114166259766
2003-12-29,53.158721923828125,73.59783172607422
2003-12-30,53.18447494506836,73.61106872558594
2003-12-31,53.25292205810547,73.67726135253906
2004-01-02,53.1237907409668,73.64415740966797
2004-01-05,53.130226135253906,74.4452896118164
2004-01-06,53.19483947753906,74.51810455322266
2004-01-07,53.233604431152344,74.76973724365234
2004-01-08,53.24001693725586,75.06767272949219
2004-01-09,53.36917495727539,74.41217041015625
2004-01-12,53.40145492553711,74.96174621582031
2004-01-13,53.46604919433594,74.52477264404297
2004-01-14,53.41435241699219,75.1470947265625
2004-01-15,53.40790557861328,75.33251190185547
2004-01-16,53.36917495727539,75.63044738769531
2004-01-20,53.39500427246094,75.6105728149414
2004-01-21,53.427330017089844,76.20645904541016
2004-01-22,53.46604919433594,76.0078125
2004-01-23,53.388553619384766,75.7628402709961
2004-01-26,53.34980010986328,76.71626281738281
2004-01-27,53.41435241699219,75.92835998535156
2004-01-28,53.27876663208008,75.06104278564453
2004-01-29,53.29166030883789,75.13383483886719
2004-01-30,53.31752395629883,75.13383483886719
2004-02-02,53.33627700805664,75.45828247070312
2004-02-03,53.38798522949219,75.33251190185547
2004-02-04,53.35564422607422,74.71673583984375
2004-02-05,53.31684875488281,74.93522644042969
2004-02-06,53.40091323852539,75.77606201171875
2004-02-09,53.42030715942383,75.79595184326172
2004-02-10,53.34918212890625,76.04088592529297
2004-02-11,53.433265686035156,76.84870910644531
2004-02-12,53.45265197753906,76.57062530517578
2004-02-13,53.53025436401367,76.2263412475586
2004-02-17,53.48500061035156,76.91486358642578
2004-02-18,53.491477966308594,76.57721710205078
2004-02-19,53.51734924316406,76.29248809814453
2004-02-20,53.45907974243164,76.060791015625
2004-02-23,53.51084518432617,75.86878967285156
2004-02-24,53.51734924316406,75.73636627197266
2004-02-25,53.556129455566406,76.05419158935547
2004-02-26,53.536685943603516,76.10050964355469
2004-02-27,53.57552719116211,76.15348815917969
2004-03-01,53.55802536010742,76.90828704833984
2004-03-02,53.506282806396484,76.45806121826172
2004-03-03,53.467376708984375,76.59707641601562
2004-03-04,53.512733459472656,76.79570770263672
2004-03-05,53.62928009033203,77.0539321899414
2004-03-08,53.71343231201172,76.1137466430664
2004-03-09,53.745845794677734,75.8091812133789
2004-03-10,53.71343231201172,74.5379638671875
2004-03-11,53.758785247802734,73.57132720947266
2004-03-12,53.71993637084961,74.5379638671875
2004-03-15,53.69398498535156,73.62432098388672
2004-03-16,53.73288345336914,74.01493072509766
2004-03-17,53.73288345336914,74.84258270263672
2004-03-18,53.71343231201172,74.8624038696289
2004-03-19,53.73288345336914,73.78938293457031
2004-03-22,53.765281677246094,72.85256958007812
2004-03-23,53.77821731567383,72.72633361816406
2004-03-24,53.791175842285156,72.7861557006836
2004-03-25,53.784671783447266,73.7495346069336
2004-03-26,53.73288345336914,73.76946258544922
2004-03-29,53.69398498535156,74.8059310913086
2004-03-30,53.68751907348633,75.05841064453125
2004-03-31,53.72639465332031,75.144775390625
2004-04-01,53.66157531738281,75.59656524658203
2004-04-02,53.473548889160156,76.16797637939453
2004-04-05,53.42159652709961,76.58656311035156
2004-04-06,53.486446380615234,76.3407211303711
2004-04-07,53.49946212768555,76.16130065917969
2004-04-08,53.49946212768555,75.98859405517578
2004-04-12,53.44755554199219,76.28755950927734
2004-04-13,53.37618637084961,75.21784210205078
2004-04-14,53.285430908203125,75.33749389648438
2004-04-15,53.317813873291016,75.0517578125
2004-04-16,53.389156341552734,75.62982940673828
2004-04-19,53.32436752319336,75.62982940673828
2004-04-20,53.20112991333008,74.36077117919922
2004-04-21,53.20759582519531,74.85907745361328
2004-04-22,53.285430908203125,75.90888977050781
2004-04-23,53.17525100708008,75.98194885253906
2004-04-26,53.18169021606445,75.87562561035156
2004-04-27,53.24651336669922,75.94208526611328
2004-04-28,53.13628387451172,74.95874786376953
2004-04-29,53.12982940673828,74.301025390625
2004-04-30,53.15570831298828,73.72297668457031
2004-05-03,53.1790771484375,74.51361083984375
2004-05-04,53.1661491394043,74.45378875732422
2004-05-05,53.14667892456055,74.93219757080078
2004-05-06,53.133670806884766,74.2876968383789
2004-05-07,52.912841796875,73.05856323242188
2004-05-10,52.93882369995117,72.30775451660156
2004-05-11,52.94538879394531,72.91902160644531
2004-05-12,52.95833206176758,73.38410949707031
2004-05-13,52.932350158691406,73.07844543457031
2004-05-14,53.01675796508789,73.1116943359375
2004-05-17,53.08820724487305,72.48713684082031
2004-05-18,53.0362548828125,72.85256958007812
2004-05-19,53.010311126708984,72.6001205444336
2004-05-20,53.0362548828125,72.83263397216797
2004-05-21,53.0362548828125,72.95885467529297
2004-05-24,53.049217224121094,73.26448059082031
2004-05-25,53.049217224121094,74.31426239013672
2004-05-26,53.14667892456055,74.57337188720703
2004-05-27,53.172672271728516,74.99195861816406
2004-05-28,53.153167724609375,74.98530578613281
2004-06-01,53.07770919799805,74.88568115234375
2004-06-02,53.045169830322266,75.16473388671875
2004-06-03,53.0582160949707,74.47370147705078
2004-06-04,52.97360610961914,75.0650634765625
2004-06-07,52.99314498901367,76.20783233642578
2004-06-08,52.9996452331543,76.31415557861328
2004-06-09,52.91510009765625,75.60323333740234
2004-06-10,52.90858840942383,75.97527313232422
2004-06-14,52.77202606201172,75.2244873046875
2004-06-15,52.9476203918457,75.75602722167969
2004-06-16,52.90858840942383,75.74273681640625
2004-06-17,52.97360610961914,75.62982940673828
2004-06-18,52.94112014770508,75.77249145507812
2004-06-21,52.98014450073242,75.48576354980469
2004-06-22,52.9996452331543,75.86588287353516
2004-06-23,53.01266098022461,76.51932525634766
2004-06-24,53.06464385986328,76.279296875
2004-06-25,53.07122802734375,75.91251373291016
2004-06-28,52.9476203918457,75.65247344970703
2004-06-29,52.9996452331543,75.96588134765625
2004-06-30,53.14277648925781,76.37268829345703
2004-07-01,53.15385055541992,75.3124008178711
2004-07-02,53.29714584350586,75.27239990234375
2004-07-06,53.2840690612793,74.61222839355469
2004-07-07,53.290653228759766,74.832275390625
2004-07-08,53.31019592285156,74.3121566772461
2004-07-09,53.31019592285156,74.50552368164062
2004-07-12,53.32977294921875,74.53887939453125
2004-07-13,53.290653228759766,74.59222412109375
2004-07-14,53.271087646484375,74.36544799804688
2004-07-15,53.271087646484375,73.88534545898438
2004-07-16,53.3753547668457,73.82537078857422
2004-07-19,53.34930419921875,73.51195526123047
2004-07-20,53.251625061035156,74.44550323486328
2004-07-21,53.23855209350586,73.07182312011719
2004-07-22,53.251625061035156,73.27188873291016
2004-07-23,53.251625061035156,72.65840148925781
2004-07-26,53.21244430541992,72.51835632324219
2004-07-27,53.16684341430664,73.19853973388672
2004-07-28,53.19940948486328,73.41856384277344
2004-07-29,53.21244430541992,73.73200225830078
2004-07-30,53.290653228759766,73.91205596923828
2004-08-02,53.331790924072266,74.0654067993164
2004-08-03,53.3448371887207,73.4919204711914
2004-08-04,53.338340759277344,73.48526763916016
2004-08-05,53.370880126953125,72.28495788574219
2004-08-06,53.56022262573242,71.25139617919922
2004-08-09,53.5537109375,71.35138702392578
2004-08-10,53.42317581176758,72.27163696289062
2004-08-11,53.50804901123047,72.12492370605469
2004-08-12,53.52107238769531,71.33804321289062
2004-08-13,53.573280334472656,71.4780502319336
2004-08-16,53.56022262573242,72.21826171875
2004-08-17,53.61241912841797,72.62506866455078
2004-08-18,53.59938049316406,73.37191772460938
2004-08-19,53.63202667236328,73.15850830078125
2004-08-20,53.59938049316406,73.67198944091797
2004-08-23,53.5537109375,73.48526763916016
2004-08-24,53.57981872558594,73.58529663085938
2004-08-25,53.56022262573242,74.08541870117188
2004-08-26,53.61241912841797,74.08541870117188
2004-08-27,53.59284210205078,74.3188247680664
2004-08-30,53.60589599609375,73.7053451538086
2004-08-31,53.6842155456543,74.09207916259766
2004-09-01,53.69861602783203,74.23211669921875
2004-09-02,53.61363220214844,75.07233428955078
2004-09-03,53.541690826416016,74.76557922363281
2004-09-07,53.541690826416016,75.25904083251953
2004-09-08,53.62016296386719,75.07233428955078
2004-09-09,53.626712799072266,75.00568389892578
2004-09-10,53.63979721069336,75.3924331665039
2004-09-13,53.64625930786133,75.63912963867188
2004-09-14,53.65936279296875,75.7925033569336
2004-09-15,53.626712799072266,75.2190170288086
2004-09-16,53.71823501586914,75.44576263427734
2004-09-17,53.652809143066406,75.76649475097656
2004-09-20,53.73780059814453,75.31118774414062
2004-09-21,53.65936279296875,75.63924407958984
2004-09-22,53.7116584777832,74.69511413574219
2004-09-23,53.64625930786133,74.29336547851562
2004-09-24,53.61363220214844,74.6348648071289
2004-09-27,53.64625930786133,74.15945434570312
2004-09-28,53.678977966308594,74.51434326171875
2004-09-29,53.61363220214844,74.88928985595703
2004-09-30,53.63323974609375,74.83573150634766
2004-10-01,53.59526443481445,76.101318359375
2004-10-04,53.6017951965332,76.22853088378906
2004-10-05,53.60831069946289,76.26872253417969
2004-10-06,53.56249237060547,76.79100799560547
2004-10-07,53.54286575317383,75.96739959716797
2004-10-08,53.680355072021484,75.33796691894531
2004-10-11,53.71964645385742,75.6459732055664
2004-10-12,53.73271942138672,75.35133361816406
2004-10-13,53.772037506103516,74.68842315673828
2004-10-14,53.7851448059082,74.08577728271484
2004-10-15,53.765480041503906,74.50093841552734
2004-10-18,53.772037506103516,74.78213500976562
2004-10-19,53.75236511230469,74.15275573730469
2004-10-20,53.7982063293457,74.00540161132812
2004-10-21,53.73271942138672,74.48756408691406
2004-10-22,53.7851448059082,73.6505126953125
2004-10-25,53.804813385009766,73.56348419189453
2004-10-26,53.7982063293457,74.68842315673828
2004-10-27,53.72624588012695,75.5857162475586
2004-10-28,53.74583435058594,75.81339263916016
2004-10-29,53.791725158691406,75.80000305175781
2004-11-01,53.75757598876953,76.00755310058594
2004-11-02,53.78377914428711,76.03433990478516
2004-11-03,53.777278900146484,76.99188995361328
2004-11-04,53.7313346862793,78.04319763183594
2004-11-05,53.59355926513672,78.5320053100586
2004-11-08,53.56734848022461,78.41816711425781
2004-11-09,53.60667419433594,78.26415252685547
2004-11-10,53.5411376953125,78.32443237304688
2004-11-11,53.58049011230469,78.92036437988281
2004-11-12,53.56734848022461,79.54308319091797
2004-11-15,53.56734848022461,79.73854064941406
2004-11-16,53.528038024902344,79.16770935058594
2004-11-17,53.60667419433594,79.63782501220703
2004-11-18,53.600181579589844,79.74527740478516
2004-11-19,53.51487731933594,78.8587646484375
2004-11-22,53.528038024902344,79.2348403930664
2004-11-23,53.52146911621094,79.35572814941406
2004-11-24,53.51487731933594,79.54378509521484
2004-11-26,53.46245193481445,79.48332977294922
2004-11-29,53.468929290771484,79.12068176269531
2004-11-30,53.482139587402344,79.17440795898438
2004-12-01,53.518226623535156,80.0743637084961
2004-12-02,53.498512268066406,80.14152526855469
2004-12-03,53.61681365966797,80.08775329589844
2004-12-06,53.623374938964844,80.06092834472656
2004-12-07,53.623374938964844,79.3154525756836
2004-12-08,53.6430549621582,79.77881622314453
2004-12-09,53.63652038574219,80.06092834472656
2004-12-10,53.6430549621582,80.14152526855469
2004-12-13,53.6036376953125,80.8399429321289
2004-12-14,53.61681365966797,81.12200164794922
2004-12-15,53.66931915283203,81.18245697021484
2004-12-16,53.610206604003906,81.13548278808594
2004-12-17,53.590511322021484,80.59429931640625
2004-12-20,53.590511322021484,80.61453247070312
2004-12-21,53.597129821777344,81.2353286743164
2004-12-22,53.597129821777344,81.43099212646484
2004-12-23,53.58393478393555,81.4917221069336
2004-12-27,53.551063537597656,81.32302856445312
2004-12-28,53.57081604003906,81.76839447021484
2004-12-29,53.56417465209961,81.88986206054688
2004-12-30,53.58393478393555,81.73468017578125
2004-12-31,53.606327056884766,81.55924987792969
2005-01-03,53.612937927246094,81.17460632324219
2005-01-04,53.4943962097168,80.18268585205078
2005-01-05,53.507537841796875,79.62936401367188
2005-01-06,53.533912658691406,80.03424835205078
2005-01-07,53.54045486450195,79.91951751708984
2005-01-10,53.507537841796875,80.29743194580078
2005-01-11,53.52079772949219,79.74409484863281
2005-01-12,53.52733612060547,80.00723266601562
2005-01-13,53.59316635131836,79.36624908447266
2005-01-14,53.56684112548828,79.78461456298828
2005-01-18,53.54707336425781,80.61453247070312
2005-01-19,53.553672790527344,79.77113342285156
2005-01-20,53.59972381591797,79.28526306152344
2005-01-21,53.65238952636719,78.79943084716797
2005-01-24,53.619468688964844,78.64420318603516
2005-01-25,53.59972381591797,78.86687469482422
2005-01-26,53.579959869384766,79.10308074951172
2005-01-27,53.56684112548828,79.23799896240234
2005-01-28,53.59316635131836,79.23799896240234
2005-01-31,53.58656692504883,79.73060607910156
2005-02-01,53.60044479370117,80.23670196533203
2005-02-02,53.5806770324707,80.47958374023438
2005-02-03,53.547630310058594,80.2704086303711
2005-02-04,53.60044479370117,81.12737274169922
2005-02-07,53.58725357055664,81.01941680908203
2005-02-08,53.567413330078125,81.11384582519531
2005-02-09,53.66641616821289,80.506591796875
2005-02-10,53.626773834228516,80.7967300415039
2005-02-11,53.60044479370117,81.4917221069336
2005-02-14,53.574058532714844,81.43099212646484
2005-02-15,53.5806770324707,81.73468017578125
2005-02-16,53.55423355102539,81.78863525390625
2005-02-17,53.5806770324707,81.12737274169922
2005-02-18,53.508052825927734,81.2353286743164
2005-02-22,53.52791213989258,80.02749633789062
2005-02-23,53.52126693725586,80.6010513305664
2005-02-24,53.508052825927734,81.13412475585938
2005-02-25,53.48165512084961,81.9371109008789
2005-02-28,53.448699951171875,81.39724731445312
2005-03-01,53.437442779541016,81.8021240234375
2005-03-02,53.47053909301758,81.76163482666016
2005-03-03,53.49034118652344,81.79537963867188
2005-03-04,53.49034118652344,82.81432342529297
2005-03-07,53.47053909301758,82.8547592163086
2005-03-08,53.47053909301758,82.54440307617188
2005-03-09,53.45069885253906,81.62671661376953
2005-03-10,53.41106414794922,81.80885314941406
2005-03-11,53.39775848388672,81.2353286743164
2005-03-14,53.37800216674805,81.74142456054688
2005-03-15,53.35816955566406,81.0666275024414
2005-03-16,53.4242057800293,80.37837219238281
2005-03-17,53.444087982177734,80.5403060913086
2005-03-18,53.4176139831543,80.30119323730469
2005-03-21,53.45069885253906,80.00314331054688
2005-03-22,53.35816955566406,79.19021606445312
2005-03-23,53.35151290893555,79.2579345703125
2005-03-24,53.36473846435547,79.35279846191406
2005-03-28,53.33834457397461,79.4679946899414
2005-03-29,53.37800216674805,78.93955993652344
2005-03-30,53.38459014892578,80.05731964111328
2005-03-31,53.45730209350586,79.90828704833984
2005-04-01,53.49039840698242,79.54927825927734
2005-04-04,53.49039840698242,79.68476104736328
2005-04-05,53.50370407104492,80.06410217285156
2005-04-06,53.54340744018555,80.34182739257812
2005-04-07,53.52350616455078,80.77537536621094
2005-04-08,53.51688766479492,79.93535614013672
2005-04-11,53.51688766479492,79.99633026123047
2005-04-12,53.55001449584961,80.40959167480469
2005-04-13,53.62956237792969,79.46118927001953
2005-04-14,53.67593002319336,78.42475128173828
2005-04-15,53.76202392578125,77.32731628417969
2005-04-18,53.73555374145508,77.56441497802734
2005-04-19,53.80182647705078,78.18084716796875
2005-04-20,53.7819709777832,77.0902099609375
2005-04-21,53.68917465209961,78.58735656738281
2005-04-22,53.70247268676758,78.2892837524414
2005-04-25,53.71570587158203,78.80408477783203
2005-04-26,53.70247268676758,78.03861999511719
2005-04-27,53.742210388183594,78.34345245361328
2005-04-28,53.788570404052734,77.3611831665039
2005-04-29,53.73555374145508,78.41118621826172
2005-05-02,53.74222183227539,78.85152435302734
2005-05-03,53.775455474853516,78.98698425292969
2005-05-04,53.79531478881836,79.59671020507812
2005-05-05,53.848480224609375,79.5695571899414
2005-05-06,53.72890090942383,79.31893157958984
2005-05-09,53.7023811340332,79.8134536743164
2005-05-10,53.74222183227539,78.98698425292969
2005-05-11,53.775455474853516,79.4205551147461
2005-05-12,53.801963806152344,78.54670715332031
2005-05-13,53.86174774169922,78.3908920288086
2005-05-16,53.848480224609375,79.12245178222656
2005-05-17,53.848480224609375,79.6509017944336
2005-05-18,53.90157699584961,80.47052764892578
2005-05-19,53.82190704345703,80.80924224853516
2005-05-20,53.82190704345703,80.69404602050781
2005-05-23,53.8551139831543,81.14118194580078
2005-05-24,53.888275146484375,80.95147705078125
2005-05-25,53.90825653076172,80.8905258178711
2005-05-26,53.888275146484375,81.32410430908203
2005-05-27,53.90825653076172,81.45955657958984
2005-05-31,53.948143005371094,80.93795013427734
2005-06-01,54.05460739135742,81.6289291381836
2005-06-02,54.03466033935547,81.8050765991211
2005-06-03,53.96809768676758,81.39186096191406
2005-06-06,53.994720458984375,81.3172836303711
2005-06-07,54.00797653198242,81.37830352783203
2005-06-08,53.994720458984375,81.229248046875
2005-06-09,53.96139144897461,81.61538696289062
2005-06-10,53.9147834777832,81.42569732666016
2005-06-13,53.9147834777832,81.68315124511719
2005-06-14,53.928104400634766,81.8728256225586
2005-06-15,53.9147834777832,82.02862548828125
2005-06-16,53.96139144897461,82.23863220214844
2005-06-17,53.95478820800781,82.54332733154297
2005-06-20,53.94139862060547,82.57054138183594
2005-06-21,53.94811248779297,82.6181640625
2005-06-22,54.06791305541992,82.68614196777344
2005-06-23,54.0479621887207,81.52307891845703
2005-06-24,54.074607849121094,80.92456817626953
2005-06-27,54.09458923339844,81.04019927978516
2005-06-28,54.03466033935547,81.72032928466797
2005-06-29,54.0479621887207,81.50270080566406
2005-06-30,54.081260681152344,81.06060791015625
2005-07-01,53.931793212890625,81.29865264892578
2005-07-05,53.9452018737793,81.95156860351562
2005-07-06,53.97849655151367,81.26463317871094
2005-07-07,54.02519226074219,81.5843276977539
2005-07-08,53.96512222290039,82.51610565185547
2005-07-11,53.925106048583984,82.93783569335938
2005-07-12,53.925106048583984,83.15544891357422
2005-07-13,53.931793212890625,83.27108001708984
2005-07-14,53.931793212890625,83.59756469726562
2005-07-15,53.93851089477539,83.54996490478516
2005-07-18,53.925106048583984,83.21666717529297
2005-07-19,53.9452018737793,83.67237091064453
2005-07-20,53.93851089477539,83.9580307006836
2005-07-21,53.88508224487305,83.46833801269531
2005-07-22,53.93851089477539,84.02606201171875
2005-07-25,53.918418884277344,83.7879867553711
2005-07-26,53.90509033203125,83.89002227783203
2005-07-27,53.90509033203125,84.19609069824219
2005-07-28,53.911712646484375,84.72661590576172
2005-07-29,53.8784065246582,84.16205596923828
2005-08-01,53.845619201660156,84.10087585449219
2005-08-02,53.85234069824219,84.60418701171875
2005-08-03,53.87237548828125,84.82866668701172
2005-08-04,53.87237548828125,84.14846801757812
2005-08-05,53.82559585571289,83.57715606689453
2005-08-08,53.77207565307617,83.42073822021484
2005-08-09,53.832275390625,83.9240493774414
2005-08-10,53.832275390625,83.88320922851562
2005-08-11,53.87237548828125,84.21650695800781
2005-08-12,53.93925857543945,83.69959259033203
2005-08-15,53.912479400634766,84.21650695800781
2005-08-16,53.93925857543945,83.1214599609375
2005-08-17,53.95262145996094,83.11465454101562
2005-08-18,53.999454498291016,83.10783386230469
2005-08-19,53.97937774658203,83.29829406738281
2005-08-22,53.986114501953125,83.29829406738281
2005-08-23,54.0395393371582,83.14181518554688
2005-08-24,54.04625701904297,82.40049743652344
2005-08-25,54.0395393371582,82.69976043701172
2005-08-26,53.999454498291016,82.13521575927734
2005-08-29,54.01287078857422,82.76777648925781
2005-08-30,54.09303665161133,82.33248901367188
2005-08-31,54.23349380493164,83.37310028076172
2005-09-01,54.299224853515625,83.3118667602539
2005-09-02,54.36627960205078,83.1622543334961
2005-09-06,54.27909851074219,84.13488006591797
2005-09-07,54.23887252807617,84.2776870727539
2005-09-08,54.21204376220703,83.99884796142578
2005-09-09,54.22544479370117,84.74701690673828
2005-09-12,54.20529556274414,84.57697296142578
2005-09-13,54.23887252807617,84.107666015625
2005-09-14,54.232181549072266,83.80158996582031
2005-09-15,54.218746185302734,83.76077270507812
2005-09-16,54.17852783203125,84.35639953613281
2005-09-19,54.19192123413086,84.07637023925781
2005-09-20,54.15166473388672,83.3659896850586
2005-09-21,54.20529556274414,82.58733367919922
2005-09-22,54.22544479370117,82.88102722167969
2005-09-23,54.17852783203125,82.94930267333984
2005-09-26,54.138240814208984,83.04498291015625
2005-09-27,54.11814880371094,83.02445983886719
2005-09-28,54.138240814208984,83.10643768310547
2005-09-29,54.11814880371094,83.78264617919922
2005-09-30,54.0711669921875,84.04222869873047
2005-10-03,54.046974182128906,83.74166107177734
2005-10-04,54.04024887084961,82.7990493774414
2005-10-05,54.06718063354492,81.71299743652344
2005-10-06,54.06718063354492,81.4193115234375
2005-10-07,54.10752487182617,81.69935607910156
2005-10-10,54.100791931152344,81.00946807861328
2005-10-11,54.08734893798828,80.89336395263672
2005-10-12,54.046974182128906,80.25811004638672
2005-10-13,54.046974182128906,80.21031951904297
2005-10-14,54.06044006347656,81.05728912353516
2005-10-17,54.033538818359375,81.35783386230469
2005-10-18,54.080589294433594,80.47669982910156
2005-10-19,54.10752487182617,81.81546020507812
2005-10-20,54.10752487182617,80.37422180175781
2005-10-21,54.141178131103516,80.68842315673828
2005-10-24,54.120941162109375,81.93843078613281
2005-10-25,54.02683639526367,81.77449035644531
2005-10-26,54.00664520263672,81.53536987304688
2005-10-27,54.046974182128906,80.66793823242188
2005-10-28,54.046974182128906,81.82914733886719
2005-10-31,54.02683639526367,82.05451202392578
2005-11-01,54.04166793823242,82.3004379272461
2005-11-02,54.03492736816406,83.16108703613281
2005-11-03,54.0079345703125,83.51625061035156
2005-11-04,54.0079345703125,83.40697479248047
2005-11-07,54.001155853271484,83.48895263671875
2005-11-08,54.068641662597656,83.48895263671875
2005-11-09,54.001155853271484,83.5982437133789
2005-11-10,54.07535171508789,84.24710845947266
2005-11-11,54.09558868408203,84.53398895263672
2005-11-14,54.01469421386719,84.4862289428711
2005-11-15,54.05514144897461,84.17882537841797
2005-11-16,54.122623443603516,84.34956359863281
2005-11-17,54.169857025146484,85.13507843017578
2005-11-18,54.169857025146484,85.46978759765625
2005-11-21,54.20351791381836,85.90010833740234
2005-11-22,54.27769470214844,86.26893615722656
2005-11-23,54.210304260253906,86.76757049560547
2005-11-25,54.257511138916016,86.83587646484375
2005-11-28,54.27104187011719,86.22113800048828
2005-11-29,54.230533599853516,86.1254653930664
2005-11-30,54.237266540527344,85.6610107421875
2005-12-01,54.18379592895508,86.53533935546875
2005-12-02,54.231163024902344,86.6446304321289
2005-12-05,54.17032241821289,86.4601821899414
2005-12-06,54.24468994140625,86.62411499023438
2005-12-07,54.25144577026367,86.11869049072266
2005-12-08,54.31913757324219,86.06403350830078
2005-12-09,54.265018463134766,86.28943634033203
2005-12-12,54.25821304321289,86.37139892578125
2005-12-13,54.2852783203125,86.95880889892578
2005-12-14,54.34617233276367,87.30034637451172
2005-12-15,54.34617233276367,87.04759979248047
2005-12-16,54.37998580932617,86.7674331665039
2005-12-19,54.34617233276367,86.32112121582031
2005-12-20,54.33943176269531,86.40351867675781
2005-12-21,54.33943176269531,86.54086303710938
2005-12-22,54.386741638183594,86.99409484863281
2005-12-23,54.41384506225586,87.04212951660156
2005-12-27,54.420570373535156,86.15629577636719
2005-12-28,54.487762451171875,86.34857940673828
2005-12-29,54.44710922241211,85.96406555175781
2005-12-30,54.426658630371094,85.49710083007812
2006-01-03,54.501304626464844,87.00093841552734
2006-01-04,54.555599212646484,87.41292572021484
2006-01-05,54.50815963745117,87.46784973144531
2006-01-06,54.521690368652344,88.19575500488281
2006-01-09,54.528472900390625,88.42235565185547
2006-01-10,54.47419357299805,88.51161193847656
2006-01-11,54.47419357299805,88.7931137084961
2006-01-12,54.501304626464844,88.44293212890625
2006-01-13,54.609859466552734,88.36051940917969
2006-01-17,54.58953857421875,88.12017822265625
2006-01-18,54.58277130126953,87.76998901367188
2006-01-19,54.58953857421875,88.1064453125
2006-01-20,54.609859466552734,86.49961853027344
2006-01-23,54.616703033447266,86.80863189697266
2006-01-24,54.60312271118164,86.89793395996094
2006-01-25,54.528472900390625,86.97347259521484
2006-01-26,54.53525924682617,87.45413208007812
2006-01-27,54.49458312988281,88.26436614990234
2006-01-30,54.521690368652344,88.19575500488281
2006-01-31,54.521690368652344,87.55026245117188
2006-02-01,54.47201919555664,88.16142272949219
2006-02-02,54.47201919555664,87.13826751708984
2006-02-03,54.49922561645508,86.70565795898438
2006-02-06,54.47201919555664,86.93225860595703
2006-02-07,54.47877883911133,86.16321563720703
2006-02-08,54.458370208740234,86.94600677490234
2006-02-09,54.444786071777344,86.8017807006836
2006-02-10,54.4039192199707,86.95970153808594
2006-02-13,54.444786071777344,86.8017807006836
2006-02-14,54.444786071777344,87.72193145751953
2006-02-15,54.43799591064453,88.03091430664062
2006-02-16,54.47877883911133,88.69013214111328
2006-02-17,54.5196418762207,88.44978332519531
2006-02-21,54.47877883911133,88.23007202148438
2006-02-22,54.5196418762207,88.76565551757812
2006-02-23,54.47201919555664,88.63516998291016
2006-02-24,54.4924201965332,88.86177825927734
2006-02-27,54.4652099609375,88.89613342285156
2006-02-28,54.54005432128906,88.051513671875
2006-03-01,54.512027740478516,88.83434295654297
2006-03-02,54.532562255859375,88.82747650146484
2006-03-03,54.47795104980469,88.41546630859375
2006-03-06,54.49839401245117,88.01031494140625
2006-03-07,54.49839401245117,87.87297821044922
2006-03-08,54.532562255859375,88.05841827392578
2006-03-09,54.55305862426758,87.46784973144531
2006-03-10,54.49839401245117,88.29872131347656
2006-03-13,54.49839401245117,88.46354675292969
2006-03-14,54.60767364501953,89.39048767089844
2006-03-15,54.62135696411133,89.78882598876953
2006-03-16,54.71693420410156,89.97418975830078
2006-03-17,54.69649124145508,90.0493392944336
2006-03-20,54.72378158569336,89.9045639038086
2006-03-21,54.628196716308594,89.33927154541016
2006-03-22,54.64186477661133,89.88385772705078
2006-03-23,54.628196716308594,89.6977767944336
2006-03-24,54.703304290771484,89.7667007446289
2006-03-27,54.68965148925781,89.63571166992188
2006-03-28,54.64186477661133,89.08415222167969
2006-03-29,54.64186477661133,89.642578125
2006-03-30,54.61455535888672,89.48401641845703
2006-03-31,54.63504409790039,89.50472259521484
2006-04-03,54.60483169555664,89.43574523925781
2006-04-04,54.645965576171875,90.00797271728516
2006-04-05,54.652835845947266,90.31820678710938
2006-04-06,54.645965576171875,90.2216796875
2006-04-07,54.611732482910156,89.30477905273438
2006-04-10,54.62543869018555,89.44268035888672
2006-04-11,54.67340087890625,88.68429565429688
2006-04-12,54.6391487121582,88.84979248046875
2006-04-13,54.632301330566406,88.7325668334961
2006-04-17,54.66650390625,88.69813537597656
2006-04-18,54.74190902709961,90.10447692871094
2006-04-19,54.728206634521484,90.27682495117188
2006-04-20,54.707664489746094,90.40092468261719
2006-04-21,54.707664489746094,90.41468811035156
2006-04-24,54.735050201416016,90.24925994873047
2006-04-25,54.69392776489258,89.87702178955078
2006-04-26,54.652835845947266,89.89769744873047
2006-04-27,54.74190902709961,90.33200073242188
2006-04-28,54.75562286376953,90.63531494140625
2006-05-01,54.72329330444336,89.89769744873047
2006-05-02,54.73015594482422,90.57328796386719
2006-05-03,54.73015594482422,90.2354736328125
2006-05-04,54.737037658691406,90.55952453613281
2006-05-05,54.75080108642578,91.35920715332031
2006-05-08,54.74394989013672,91.2489013671875
2006-05-09,54.75080108642578,91.4281234741211
2006-05-10,54.75080108642578,91.37989807128906
2006-05-11,54.77146911621094,90.27682495117188
2006-05-12,54.75080108642578,89.09796142578125
2006-05-15,54.778289794921875,89.27722930908203
2006-05-16,54.82644271850586,89.14620971679688
2006-05-17,54.79892349243164,87.45032501220703
2006-05-18,54.85395812988281,87.00910186767578
2006-05-19,54.84025573730469,87.62267303466797
2006-05-22,54.84025573730469,86.95392608642578
2006-05-23,54.874549865722656,86.29206848144531
2006-05-24,54.90892791748047,86.98149108886719
2006-05-25,54.90892791748047,88.05696868896484
2006-05-26,54.92954635620117,88.50507354736328
2006-05-30,54.88835144042969,86.93325805664062
2006-05-31,54.8470573425293,87.90533447265625
2006-06-01,54.914642333984375,88.74639892578125
2006-06-02,54.99747848510742,88.93251037597656
2006-06-05,54.949153900146484,87.63643646240234
2006-06-06,54.949153900146484,87.42269134521484
2006-06-07,54.914642333984375,86.76780700683594
2006-06-08,54.976776123046875,86.69196319580078
2006-06-09,54.976776123046875,86.41617584228516
2006-06-12,54.98367691040039,85.47864532470703
2006-06-13,54.9698600769043,84.48590087890625
2006-06-14,54.914642333984375,85.14078521728516
2006-06-15,54.90087127685547,86.94705200195312
2006-06-16,54.87328338623047,86.3134536743164
2006-06-19,54.852622985839844,85.63483428955078
2006-06-20,54.845680236816406,85.92566680908203
2006-06-21,54.85946273803711,86.56275177001953
2006-06-22,54.831871032714844,86.18191528320312
2006-06-23,54.81806564331055,86.16803741455078
2006-06-26,54.82501220703125,86.54887390136719
2006-06-27,54.85946273803711,85.8010482788086
2006-06-28,54.831871032714844,86.38268280029297
2006-06-29,54.9284782409668,88.12765502929688
2006-06-30,54.976776123046875,88.13456726074219
2006-07-03,54.968475341796875,88.49467468261719
2006-07-05,54.92000198364258,87.9891586303711
2006-07-06,54.96147918701172,88.24537658691406
2006-07-07,55.00305938720703,87.67063903808594
2006-07-10,55.00305938720703,87.83685302734375
2006-07-11,55.00305938720703,88.22460174560547
2006-07-12,55.02384567260742,87.28290557861328
2006-07-13,55.09306716918945,85.86334228515625
2006-07-14,55.09999465942383,85.5309829711914
2006-07-17,55.09306716918945,85.40633392333984
2006-07-18,55.051509857177734,85.84259796142578
2006-07-19,55.127689361572266,87.03360748291016
2006-07-20,55.19691848754883,86.43807983398438
2006-07-21,55.18305587768555,85.82872772216797
2006-07-24,55.18305587768555,87.3936767578125
2006-07-25,55.169212341308594,87.70524597167969
2006-07-26,55.238468170166016,87.822998046875
2006-07-27,55.26614761352539,87.7398910522461
2006-07-28,55.335357666015625,88.61931610107422
2006-07-31,55.34234619140625,88.52928924560547
2006-08-01,55.37631607055664,88.09304809570312
2006-08-02,55.37631607055664,88.68856811523438
2006-08-03,55.369422912597656,88.92399597167969
2006-08-04,55.418087005615234,88.77164459228516
2006-08-07,55.438880920410156,88.56391143798828
2006-08-08,55.466678619384766,88.22460174560547
2006-08-09,55.487545013427734,87.92684173583984
2006-08-10,55.473628997802734,88.19691467285156
2006-08-11,55.42491912841797,87.94764709472656
2006-08-14,55.39720153808594,88.01687622070312
2006-08-15,55.473628997802734,89.0693588256836
2006-08-16,55.56391525268555,89.81029510498047
2006-08-17,55.5570182800293,90.03880310058594
2006-08-18,55.577857971191406,90.49581909179688
2006-08-21,55.612525939941406,90.1080551147461
2006-08-22,55.605674743652344,90.10112762451172
2006-08-23,55.59174346923828,89.85185241699219
2006-08-24,55.626441955566406,89.7756576538086
2006-08-25,55.64038848876953,89.88644409179688
2006-08-28,55.65428161621094,90.31576538085938
2006-08-29,55.675086975097656,90.41966247558594
2006-08-30,55.7098274230957,90.47505187988281
2006-08-31,55.75845718383789,90.4612045288086
2006-09-01,55.82197189331055,91.00130462646484
2006-09-05,55.759185791015625,91.17444610595703
2006-09-06,55.759185791015625,90.3711929321289
2006-09-07,55.759185791015625,89.95570373535156
2006-09-08,55.794036865234375,90.21192169189453
2006-09-11,55.78705978393555,90.30194091796875
2006-09-12,55.814964294433594,91.18827056884766
2006-09-13,55.82197189331055,91.55525207519531
2006-09-14,55.773109436035156,91.5621566772461
2006-09-15,55.794036865234375,91.7770767211914
2006-09-18,55.78705978393555,91.90227508544922
2006-09-19,55.86381530761719,91.67278289794922
2006-09-20,55.884647369384766,92.15962982177734
2006-09-21,55.982357025146484,91.71446228027344
2006-09-22,56.010223388671875,91.43627166748047
2006-09-25,56.05904769897461,92.1387710571289
2006-09-26,55.99630355834961,92.90380096435547
2006-09-27,56.03810501098633,93.01508331298828
2006-09-28,56.05904769897461,92.98033142089844
2006-09-29,56.003257751464844,92.90380096435547
2006-10-02,56.069026947021484,92.55606079101562
2006-10-03,56.07606887817383,92.75081634521484
2006-10-04,56.17404556274414,93.83576202392578
2006-10-05,56.118099212646484,94.01656341552734
2006-10-06,56.04806900024414,93.89834594726562
2006-10-09,56.05504608154297,93.95402526855469
2006-10-10,55.97808074951172,94.07923126220703
2006-10-11,55.97107696533203,93.96791076660156
2006-10-12,55.99909210205078,94.78164672851562
2006-10-13,55.97808074951172,95.02501678466797
2006-10-16,56.00605392456055,95.1711196899414
2006-10-17,56.013065338134766,94.87207794189453
2006-10-18,56.02007293701172,94.99722290039062
2006-10-19,56.013065338134766,95.15022277832031
2006-10-20,56.0340461730957,95.1711196899414
2006-10-23,56.00605392456055,95.60924530029297
2006-10-24,56.00605392456055,95.8944320678711
2006-10-25,56.069026947021484,96.2213363647461
2006-10-26,56.139007568359375,96.52033233642578
2006-10-27,56.195045471191406,95.915283203125
2006-10-30,56.160037994384766,95.8457260131836
2006-10-31,56.23701858520508,95.8318099975586
2006-11-01,56.27704620361328,95.18505096435547
2006-11-02,56.26301574707031,95.12938690185547
2006-11-03,56.157676696777344,94.96244049072266
2006-11-06,56.150634765625,96.03350830078125
2006-11-07,56.22087478637695,96.40214538574219
2006-11-08,56.249019622802734,96.61076354980469
2006-11-09,56.24193572998047,96.10306549072266
2006-11-10,56.28409957885742,96.14480590820312
2006-11-13,56.28409957885742,96.38124084472656
2006-11-14,56.29109191894531,97.10456085205078
2006-11-15,56.25603103637695,97.38278198242188
2006-11-16,56.234928131103516,97.63313293457031
2006-11-17,56.30515670776367,97.66097259521484
2006-11-20,56.3192024230957,97.71662902832031
2006-11-21,56.333251953125,97.81394958496094
2006-11-22,56.37541580200195,98.00872802734375
2006-11-24,56.38246536254883,97.6122817993164
2006-11-27,56.417564392089844,96.26995086669922
2006-11-28,56.44567108154297,96.68730163574219
2006-11-29,56.44567108154297,97.69578552246094
2006-11-30,56.508907318115234,97.73744201660156
2006-12-01,56.61959457397461,97.5218505859375
2006-12-04,56.612491607666016,98.26605987548828
2006-12-05,56.612491607666016,98.6902847290039
2006-12-06,56.605506896972656,98.60682678222656
2006-12-07,56.59136199951172,98.17561340332031
2006-12-08,56.52085876464844,98.3564682006836
2006-12-11,56.527957916259766,98.64160919189453
2006-12-12,56.605506896972656,98.5650863647461
2006-12-13,56.527957916259766,98.66943359375
2006-12-14,56.49972152709961,99.53874969482422
2006-12-15,56.52085876464844,99.54790496826172
2006-12-18,56.52085876464844,99.27515411376953
2006-12-19,56.527957916259766,99.46394348144531
2006-12-20,56.56315994262695,99.40800476074219
2006-12-21,56.605506896972656,99.04435729980469
2006-12-22,56.59840393066406,98.43588256835938
2006-12-26,56.59840393066406,99.01640319824219
2006-12-27,56.56729507446289,99.66676330566406
2006-12-28,56.53201675415039,99.45694732666016
2006-12-29,56.54611587524414,99.04435729980469
2007-01-03,56.602657318115234,98.86949920654297
2007-01-04,56.659263610839844,99.07931518554688
2007-01-05,56.623924255371094,98.28898620605469
2007-01-08,56.588539123535156,98.74359893798828
2007-01-09,56.60974884033203,98.65972137451172
2007-01-10,56.59559631347656,98.9883804321289
2007-01-11,56.55318832397461,99.42198944091797
2007-01-12,56.5178337097168,100.17731475830078
2007-01-16,56.57438278198242,99.9815444946289
2007-01-17,56.55318832397461,100.02348327636719
2007-01-18,56.57438278198242,99.6877212524414
2007-01-19,56.56729507446289,99.8835678100586
2007-01-22,56.588539123535156,99.57584381103516
2007-01-23,56.560245513916016,99.86961364746094
2007-01-24,56.588539123535156,100.67385864257812
2007-01-25,56.54611587524414,99.49193572998047
2007-01-26,56.55318832397461,99.40099334716797
2007-01-29,56.560245513916016,99.34506225585938
2007-01-30,56.57438278198242,99.86259460449219
2007-01-31,56.638038635253906,100.53398132324219
2007-02-01,56.63090515136719,101.13543701171875
2007-02-02,56.65221405029297,101.27532958984375
2007-02-05,56.63804626464844,101.30329132080078
2007-02-06,56.701881408691406,101.33126831054688
2007-02-07,56.73031234741211,101.55503845214844
2007-02-08,56.751556396484375,101.42219543457031
2007-02-09,56.69483184814453,100.66683197021484
2007-02-12,56.69483184814453,100.3241195678711
2007-02-13,56.68773651123047,101.1704330444336
2007-02-14,56.81547164916992,101.83479309082031
2007-02-15,56.84386444091797,101.9676742553711
2007-02-16,56.85805892944336,101.91874694824219
2007-02-20,56.85100555419922,102.13550567626953
2007-02-21,56.886444091796875,102.09353637695312
2007-02-22,56.85100555419922,102.01663970947266
2007-02-23,56.91486358642578,101.61803436279297
2007-02-26,56.95746994018555,101.527099609375
2007-02-27,57.09235382080078,97.5616683959961
2007-02-28,57.049739837646484,98.56177520751953
2007-03-01,57.1287727355957,98.26803588867188
2007-03-02,57.192874908447266,96.98118591308594
2007-03-05,57.21430206298828,96.05807495117188
2007-03-06,57.164459228515625,97.7015380859375
2007-03-07,57.2214241027832,97.60364532470703
2007-03-08,57.2214241027832,98.42890930175781
2007-03-09,57.121673583984375,98.45689392089844
2007-03-12,57.171485900878906,98.60375213623047
2007-03-13,57.24990463256836,96.68749237060547
2007-03-14,57.26408386230469,97.40780639648438
2007-03-15,57.24990463256836,97.54071807861328
2007-03-16,57.24274444580078,97.26758575439453
2007-03-19,57.192874908447266,98.44013214111328
2007-03-20,57.24274444580078,98.98078918457031
2007-03-21,57.3353271484375,100.60974884033203
2007-03-22,57.278358459472656,100.53253173828125
2007-03-23,57.24274444580078,100.67998504638672
2007-03-26,57.299747467041016,100.5465087890625
2007-03-27,57.30683135986328,100.30783081054688
2007-03-28,57.3353271484375,99.57765197753906
2007-03-29,57.30683135986328,99.68290710449219
2007-03-30,57.30683135986328,99.70399475097656
2007-04-02,57.317604064941406,99.81632232666016
2007-04-03,57.317604064941406,100.890625
2007-04-04,57.35330581665039,101.00296783447266
2007-04-05,57.33187484741211,101.27685546875
2007-04-09,57.20322799682617,101.41717529296875
2007-04-10,57.27471160888672,101.53656768798828
2007-04-11,57.27471160888672,101.12232971191406
2007-04-12,57.26754379272461,101.5716781616211
2007-04-13,57.2388801574707,102.03507995605469
2007-04-16,57.23179626464844,103.00399017333984
2007-04-17,57.32476043701172,103.27790069580078
2007-04-18,57.40332794189453,103.40426635742188
2007-04-19,57.40332794189453,103.37615203857422
2007-04-20,57.38905334472656,104.35216522216797
2007-04-23,57.431983947753906,103.95896911621094
2007-04-24,57.481998443603516,104.00103759765625
2007-04-25,57.46056365966797,104.95597839355469
2007-04-26,57.41765594482422,105.07538604736328
2007-04-27,57.439090728759766,104.99114227294922
2007-04-30,57.481998443603516,104.12042999267578
2007-05-01,57.457584381103516,104.38724517822266
2007-05-02,57.48632049560547,104.99812316894531
2007-05-03,57.44324493408203,105.56686401367188
2007-05-04,57.47196960449219,105.96704864501953
2007-05-07,57.47196960449219,105.98816680908203
2007-05-08,57.500648498535156,105.84769439697266
2007-05-09,57.457584381103516,106.1355972290039
2007-05-10,57.50782775878906,105.02623748779297
2007-05-11,57.48632049560547,105.92498016357422
2007-05-14,57.44324493408203,105.6932373046875
2007-05-15,57.457584381103516,105.72137451171875
2007-05-16,57.515037536621094,106.44452667236328
2007-05-17,57.47914123535156,106.2339096069336
2007-05-18,57.42176055908203,107.16067504882812
2007-05-21,57.436100006103516,107.10454559326172
2007-05-22,57.450443267822266,107.02032470703125
2007-05-23,57.436100006103516,107.03437805175781
2007-05-24,57.457584381103516,106.06538391113281
2007-05-25,57.49345779418945,106.50773620605469
2007-05-29,57.436100006103516,106.89388275146484
2007-05-30,57.47914123535156,107.76455688476562
2007-05-31,57.44324493408203,107.65222930908203
2007-06-01,57.413726806640625,108.18586730957031
2007-06-04,57.43531036376953,108.19986724853516
2007-06-05,57.38490676879883,107.7715835571289
2007-06-06,57.456939697265625,106.61305236816406
2007-06-07,57.39213180541992,104.68919372558594
2007-06-08,57.413726806640625,106.05134582519531
2007-06-11,57.42096710205078,106.2339096069336
2007-06-12,57.370548248291016,105.07538604736328
2007-06-13,57.38490676879883,106.64812469482422
2007-06-14,57.38490676879883,107.3292236328125
2007-06-15,57.46418380737305,107.93991088867188
2007-06-18,57.46418380737305,107.81301879882812
2007-06-19,57.56492614746094,108.08097839355469
2007-06-20,57.50735855102539,106.57891845703125
2007-06-21,57.528953552246094,107.1712646484375
2007-06-22,57.608123779296875,106.16287994384766
2007-06-25,57.6585578918457,105.65519714355469
2007-06-26,57.622528076171875,104.56920623779297
2007-06-27,57.61534118652344,106.05712890625
2007-06-28,57.6009521484375,106.04308319091797
2007-06-29,57.71615219116211,106.07833862304688
2007-07-02,57.753700256347656,107.03731536865234
2007-07-03,57.73206329345703,107.42515563964844
2007-07-05,57.652530670166016,107.3123550415039
2007-07-06,57.64533996582031,107.87645721435547
2007-07-09,57.688716888427734,107.96102905273438
2007-07-10,57.79708480834961,106.4238052368164
2007-07-11,57.7681770324707,107.1783447265625
2007-07-12,57.73206329345703,108.8707504272461
2007-07-13,57.76100158691406,109.19509887695312
2007-07-16,57.81877136230469,109.1810302734375
2007-07-17,57.782623291015625,109.12456512451172
2007-07-18,57.86935806274414,108.92715454101562
2007-07-19,57.862159729003906,109.35025024414062
2007-07-20,57.95608901977539,108.2431411743164
2007-07-23,57.91267776489258,108.57452392578125
2007-07-24,57.97050857543945,106.69181823730469
2007-07-25,58.013916015625,106.9103775024414
2007-07-26,58.151241302490234,104.37882995605469
2007-07-27,58.21622848510742,102.3267822265625
2007-07-30,58.143985748291016,103.92753601074219
2007-07-31,58.237953186035156,102.75694274902344
2007-08-01,58.18138885498047,103.25758361816406
2007-08-02,58.21039581298828,104.08267974853516
2007-08-03,58.35546875,101.4030532836914
2007-08-06,58.28294372558594,103.10244750976562
2007-08-07,58.23217010498047,104.20249938964844
2007-08-08,58.188621520996094,105.65519714355469
2007-08-09,58.35546875,102.52420806884766
2007-08-10,58.33375930786133,102.04472351074219
2007-08-13,58.38450241088867,102.4113998413086
2007-08-14,58.464317321777344,100.84595489501953
2007-08-15,58.54412078857422,99.45674896240234
2007-08-16,58.66019058227539,100.2042465209961
2007-08-17,58.71091842651367,102.04472351074219
2007-08-20,58.783538818359375,101.99530029296875
2007-08-21,58.86330032348633,102.1998519897461
2007-08-22,58.783538818359375,103.41275024414062
2007-08-23,58.7472038269043,103.32107543945312
2007-08-24,58.638423919677734,104.597412109375
2007-08-27,58.71825408935547,103.62429809570312
2007-08-28,58.870540618896484,101.34661865234375
2007-08-29,58.79801559448242,103.33517456054688
2007-08-30,58.8487434387207,103.06014251708984
2007-08-31,58.8487434387207,104.07561492919922
2007-09-04,58.845855712890625,105.12632751464844
2007-09-05,58.99877166748047,104.21662139892578
2007-09-06,58.92594528198242,104.4563980102539
2007-09-07,59.1298713684082,103.00374603271484
2007-09-10,59.15170669555664,102.8062744140625
2007-09-11,59.0643424987793,104.00508880615234
2007-09-12,59.11531448364258,104.27305603027344
2007-09-13,59.02788162231445,105.0064468383789
2007-09-14,59.020652770996094,104.99940490722656
2007-09-17,59.013362884521484,104.43527221679688
2007-09-18,59.093467712402344,107.50978088378906
2007-09-19,59.093467712402344,108.14450073242188
2007-09-20,58.96963882446289,107.38280487060547
2007-09-21,59.04978942871094,107.67259216308594
2007-09-24,59.11531448364258,107.47421264648438
2007-09-25,59.16625213623047,107.26171112060547
2007-09-26,59.1298713684082,107.82849884033203
2007-09-27,59.239078521728516,108.46611785888672
2007-09-28,59.17361831665039,108.10478973388672
2007-10-01,59.18595886230469,109.32343292236328
2007-10-02,59.222530364990234,109.17467498779297
2007-10-03,59.21527099609375,108.95504760742188
2007-10-04,59.24443435668945,109.12507629394531
2007-10-05,59.178627014160156,110.42164611816406
2007-10-08,59.23712158203125,109.83358764648438
2007-10-09,59.105613708496094,110.86801147460938
2007-10-10,59.12021255493164,110.6838150024414
2007-10-11,59.13483810424805,110.15238952636719
2007-10-12,59.06904602050781,110.7617416381836
2007-10-15,59.06904602050781,109.82649993896484
2007-10-16,59.14215850830078,108.95504760742188
2007-10-17,59.28101348876953,109.28802490234375
2007-10-18,59.36138153076172,108.89122009277344
2007-10-19,59.514888763427734,106.04302215576172
2007-10-22,59.46371841430664,106.6594467163086
2007-10-23,59.471038818359375,107.52378845214844
2007-10-24,59.58798599243164,107.32540130615234
2007-10-25,59.55143737792969,107.58051300048828
2007-10-26,59.558719635009766,108.84166717529297
2007-10-29,59.558719635009766,109.20303344726562
2007-10-30,59.55143737792969,108.44490051269531
2007-10-31,59.456424713134766,109.5714340209961
2007-11-01,59.649314880371094,107.00662994384766
2007-11-02,59.722694396972656,107.12712860107422
2007-11-05,59.71536636352539,106.3122787475586
2007-11-06,59.6786994934082,107.74346923828125
2007-11-07,59.84737014770508,104.79603576660156
2007-11-08,59.942771911621094,104.26470184326172
2007-11-09,59.96476364135742,102.83345794677734
2007-11-12,60.10417175292969,101.81324005126953
2007-11-13,59.920780181884766,104.91648864746094
2007-11-14,59.95018005371094,104.6259765625
2007-11-15,60.148197174072266,103.11686706542969
2007-11-16,60.148197174072266,103.29399871826172
2007-11-19,60.34627151489258,101.85570526123047
2007-11-20,60.32425308227539,102.47916412353516
2007-11-21,60.514984130859375,100.38203430175781
2007-11-23,60.448978424072266,102.11788940429688
2007-11-26,60.617698669433594,99.8648452758789
2007-11-27,60.434326171875,101.01260375976562
2007-11-28,60.382930755615234,104.24341583251953
2007-11-29,60.49300765991211,104.27880859375
2007-11-30,60.522342681884766,105.32746124267578
2007-12-03,60.659263610839844,104.63312530517578
2007-12-04,60.651878356933594,103.6978530883789
2007-12-05,60.67402267456055,105.43370056152344
2007-12-06,60.548831939697266,106.94283294677734
2007-12-07,60.48262405395508,106.92159271240234
2007-12-10,60.43840408325195,107.75056457519531
2007-12-11,60.659263610839844,104.79603576660156
2007-12-12,60.50466537475586,105.83049011230469
2007-12-13,60.41637420654297,105.61085510253906
2007-12-14,60.26911544799805,104.27175903320312
2007-12-17,60.44575881958008,102.78388214111328
2007-12-18,60.40896987915039,103.3577651977539
2007-12-19,60.56354522705078,103.3577651977539
2007-12-20,60.60769271850586,104.00959777832031
2007-12-21,60.51202392578125,105.50894927978516
2007-12-24,60.46048355102539,106.29243469238281
2007-12-26,60.401615142822266,106.52043914794922
2007-12-27,60.53382873535156,105.18125915527344
2007-12-28,60.60768508911133,104.91776275634766
2007-12-31,60.7037353515625,104.1413803100586
2008-01-02,60.8144645690918,103.22966003417969
2008-01-03,60.910499572753906,103.1797866821289
2008-01-04,60.99917984008789,100.65126037597656
2008-01-07,60.962181091308594,100.56580352783203
2008-01-08,61.050880432128906,98.94178771972656
2008-01-09,61.021331787109375,99.98170471191406
2008-01-10,61.021331787109375,100.636962890625
2008-01-11,61.191162109375,99.82501220703125
2008-01-14,61.213321685791016,100.62986755371094
2008-01-15,61.2650032043457,98.4147720336914
2008-01-16,61.316734313964844,97.56707000732422
2008-01-17,61.420143127441406,95.03851318359375
2008-01-18,61.471797943115234,94.06270599365234
2008-01-22,61.73027420043945,93.10824584960938
2008-01-23,61.7007942199707,95.34481048583984
2008-01-24,61.50874710083008,96.14971923828125
2008-01-25,61.6712760925293,94.7607192993164
2008-01-28,61.641685485839844,96.32772064208984
2008-01-29,61.604793548583984,96.80498504638672
2008-01-30,61.64907455444336,96.09272003173828
2008-01-31,61.70811080932617,97.84487915039062
2008-02-01,61.77556228637695,99.41899108886719
2008-02-04,61.782955169677734,98.1654281616211
2008-02-05,61.923702239990234,95.5371322631836
2008-02-06,61.945899963378906,94.76782989501953
2008-02-07,61.86442184448242,95.39464569091797
2008-02-08,61.97550582885742,94.78213500976562
2008-02-11,61.99776077270508,95.2664566040039
2008-02-12,62.02000045776367,96.14971923828125
2008-02-13,62.04217529296875,97.13262939453125
2008-02-14,61.99776077270508,96.2778549194336
2008-02-15,61.9310417175293,96.25652313232422
2008-02-19,61.88660430908203,96.52716827392578
2008-02-20,61.81257629394531,96.81208038330078
2008-02-21,61.982879638671875,96.0072021484375
2008-02-22,61.91624450683594,96.598388671875
2008-02-25,61.82002258300781,97.81639099121094
2008-02-26,61.90890121459961,98.55005645751953
2008-02-27,61.982879638671875,98.45035552978516
2008-02-28,62.13103485107422,97.4887466430664
2008-02-29,62.34574508666992,95.31629180908203
2008-03-03,62.34798049926758,95.08838653564453
2008-03-04,62.33320236206055,94.7251205444336
2008-03-05,62.296043395996094,95.32345581054688
2008-03-06,62.481544494628906,93.35044860839844
2008-03-07,62.45185089111328,92.38888549804688
2008-03-10,62.51868438720703,91.1708984375
2008-03-11,62.20700454711914,94.44734191894531
2008-03-12,62.407291412353516,93.56412506103516
2008-03-13,62.377662658691406,93.77067565917969
2008-03-14,62.563194274902344,92.31766510009766
2008-03-17,62.70415496826172,91.38459014892578
2008-03-18,62.481544494628906,95.1810073852539
2008-03-19,62.548336029052734,92.8233642578125
2008-03-20,62.47416687011719,94.54270935058594
2008-03-24,62.21445846557617,96.43241882324219
2008-03-25,62.25896072387695,96.52548217773438
2008-03-26,62.392513275146484,95.34441375732422
2008-03-27,62.45928192138672,95.04377746582031
2008-03-28,62.488956451416016,94.13471984863281
2008-03-31,62.5037727355957,94.46399688720703
2008-04-01,62.2777099609375,97.78533172607422
2008-04-02,62.22575378417969,97.84969329833984
2008-04-03,62.18110275268555,98.09307861328125
2008-04-04,62.29266357421875,97.98573303222656
2008-04-07,62.17372512817383,98.03582763671875
2008-04-08,62.21090316772461,97.93560791015625
2008-04-09,62.329811096191406,97.22696685791016
2008-04-10,62.307559967041016,97.36299133300781
2008-04-11,62.4116096496582,95.47325134277344
2008-04-14,62.37443542480469,95.15113830566406
2008-04-15,62.29266357421875,95.37306213378906
2008-04-16,62.15879821777344,97.95706176757812
2008-04-17,62.047264099121094,98.10026550292969
2008-04-18,62.01012420654297,99.12384796142578
2008-04-21,61.950653076171875,99.17391204833984
2008-04-22,61.97297286987305,98.7373046875
2008-04-23,61.97297286987305,98.57984924316406
2008-04-24,61.80189514160156,99.00930786132812
2008-04-25,61.809349060058594,99.92552947998047
2008-04-28,61.876319885253906,99.9469985961914
2008-04-29,61.86140060424805,99.55331420898438
2008-04-30,61.98037338256836,98.96635437011719
2008-05-01,61.87010192871094,101.01356506347656
2008-05-02,61.7881965637207,101.29271697998047
2008-05-05,61.85520935058594,100.80596160888672
2008-05-06,61.89247512817383,101.67922973632812
2008-05-07,61.96696090698242,99.86824798583984
2008-05-08,62.01912307739258,99.61058044433594
2008-05-09,62.04149627685547,99.42448425292969
2008-05-12,61.92227554321289,100.5411148071289
2008-05-13,61.817996978759766,100.55542755126953
2008-05-14,61.77328872680664,100.76299285888672
2008-05-15,61.825435638427734,102.0228271484375
2008-05-16,61.84032440185547,102.11585235595703
2008-05-19,61.907379150390625,102.3950424194336
2008-05-20,61.99674987792969,101.564697265625
2008-05-21,61.929656982421875,99.84681701660156
2008-05-22,61.758399963378906,99.86111450195312
2008-05-23,61.8775634765625,98.52255249023438
2008-05-27,61.810516357421875,99.25269317626953
2008-05-28,61.6987419128418,99.71078491210938
2008-05-29,61.676429748535156,100.21186828613281
2008-05-30,61.76581954956055,100.46240997314453
2008-06-02,61.8875732421875,99.42448425292969
2008-06-03,61.977203369140625,98.84471130371094
2008-06-04,61.954811096191406,98.79456329345703
2008-06-05,61.872615814208984,100.77015686035156
2008-06-06,61.954811096191406,97.55622100830078
2008-06-09,61.64107131958008,97.79243469238281
2008-06-10,61.49909210205078,97.30572509765625
2008-06-11,61.60373306274414,95.8741226196289
2008-06-12,61.30487823486328,96.23916625976562
2008-06-13,61.37214279174805,97.45602416992188
2008-06-16,61.40938949584961,97.5133056640625
2008-06-17,61.52902603149414,97.04084777832031
2008-06-18,61.58877944946289,96.0960464477539
2008-06-19,61.469242095947266,96.21768188476562
2008-06-20,61.58131790161133,94.65594482421875
2008-06-23,61.51405715942383,94.5624008178711
2008-06-24,61.626155853271484,94.3753662109375
2008-06-25,61.67090606689453,94.82136535644531
2008-06-26,61.85020065307617,92.2459945678711
2008-06-27,61.88013458251953,91.74244689941406
2008-06-30,61.917476654052734,92.06612396240234
2008-07-01,61.90169143676758,92.3539047241211
2008-07-02,61.909236907958984,90.77127075195312
2008-07-03,62.0140495300293,90.86478424072266
2008-07-07,62.05149459838867,89.93681335449219
2008-07-08,62.05900192260742,91.5338134765625
2008-07-09,62.16385269165039,89.77132415771484
2008-07-10,62.08898162841797,90.13821411132812
2008-07-11,61.96168899536133,89.08794403076172
2008-07-14,62.10388946533203,88.2822265625
2008-07-15,62.19384765625,87.03768920898438
2008-07-16,62.13393020629883,89.17424011230469
2008-07-17,62.04404067993164,90.06626892089844
2008-07-18,61.931663513183594,90.62737274169922
2008-07-21,61.96168899536133,90.67774200439453
2008-07-22,61.909236907958984,91.70645904541016
2008-07-23,61.87923049926758,92.20283508300781
2008-07-24,62.05149459838867,90.2892837524414
2008-07-25,61.96912384033203,90.26770782470703
2008-07-28,62.0964241027832,88.94406127929688
2008-07-29,62.04404067993164,90.84321594238281
2008-07-30,62.05900192260742,92.46180725097656
2008-07-31,62.18634033203125,91.23889923095703
2008-08-01,62.198280334472656,90.75688934326172
2008-08-04,62.19084167480469,89.91519165039062
2008-08-05,62.16082763671875,92.33953857421875
2008-08-06,62.168312072753906,92.74958038330078
2008-08-07,62.30350875854492,91.36833953857422
2008-08-08,62.25094223022461,93.06612396240234
2008-08-11,62.168312072753906,94.03005981445312
2008-08-12,62.28097915649414,93.05169677734375
2008-08-13,62.27351760864258,92.49055480957031
2008-08-14,62.29601287841797,93.1883773803711
2008-08-15,62.34107208251953,93.64163970947266
2008-08-18,62.39373016357422,92.36109924316406
2008-08-19,62.43880081176758,91.35395812988281
2008-08-20,62.52144241333008,91.77839660644531
2008-08-21,62.46882629394531,91.93669128417969
2008-08-22,62.35615921020508,93.26748657226562
2008-08-25,62.461307525634766,91.37553405761719
2008-08-26,62.43880081176758,91.6417236328125
2008-08-27,62.47637176513672,92.53373718261719
2008-08-28,62.44631576538086,93.6559829711914
2008-08-29,62.47637176513672,92.64883422851562
2008-09-02,62.555458068847656,92.07333374023438
2008-09-03,62.578102111816406,91.99422454833984
2008-09-04,62.61576461791992,89.224609375
2008-09-05,62.593162536621094,89.50517272949219
2008-09-08,62.563011169433594,91.35395812988281
2008-09-09,62.6610107421875,88.64190673828125
2008-09-10,62.6760368347168,89.00161743164062
2008-09-11,62.653419494628906,90.2892837524414
2008-09-12,62.6610107421875,90.70652770996094
2008-09-15,63.10557556152344,86.3902587890625
2008-09-16,62.992515563964844,87.8362045288086
2008-09-17,63.293907165527344,83.88681030273438
2008-09-18,63.0904541015625,86.3758544921875
2008-09-19,62.7363166809082,89.80618286132812
2008-09-22,62.781497955322266,87.77304077148438
2008-09-23,62.82671356201172,85.77604675292969
2008-09-24,62.962379455566406,86.05097198486328
2008-09-25,62.84932327270508,87.39679718017578
2008-09-26,62.84932327270508,87.44021606445312
2008-09-29,63.21099853515625,80.58824157714844
2008-09-30,62.962379455566406,83.92377471923828
2008-10-01,63.15891647338867,83.97444152832031
2008-10-02,63.295005798339844,80.92828369140625
2008-10-03,63.46888732910156,79.83576202392578
2008-10-06,63.59739303588867,75.76944732666016
2008-10-07,63.612518310546875,72.37602996826172
2008-10-08,63.34035873413086,70.55269622802734
2008-10-09,63.37820053100586,65.6253433227539
2008-10-10,63.47650909423828,64.0335693359375
2008-10-13,63.19675827026367,73.33108520507812
2008-10-14,63.21186828613281,72.24576568603516
2008-10-15,63.42353439331055,65.13336181640625
2008-10-16,63.385772705078125,67.84664916992188
2008-10-17,63.43107604980469,67.44147491455078
2008-10-20,63.385772705078125,71.4933090209961
2008-10-21,63.514278411865234,69.35885620117188
2008-10-22,63.605003356933594,65.58195495605469
2008-10-23,63.56720733642578,66.34169006347656
2008-10-24,63.620086669921875,62.9771842956543
2008-10-27,63.461326599121094,60.741451263427734
2008-10-28,63.536903381347656,67.83940887451172
2008-10-29,63.574729919433594,67.34740447998047
2008-10-30,63.627655029296875,69.67718505859375
2008-10-31,63.65793991088867,70.06070709228516
2008-11-03,63.77708053588867,70.26325988769531
2008-11-04,63.75431823730469,72.65095520019531
2008-11-05,63.86812973022461,69.59762573242188
2008-11-06,63.890907287597656,65.74114227294922
2008-11-07,63.77708053588867,67.91177368164062
2008-11-10,63.974395751953125,67.02178192138672
2008-11-11,64.01993560791016,64.95246124267578
2008-11-12,64.11865234375,62.094459533691406
2008-11-13,63.95921325683594,65.9654312133789
2008-11-14,63.944087982177734,62.673309326171875
2008-11-17,64.05787658691406,61.84125900268555
2008-11-18,64.12620544433594,63.006126403808594
2008-11-19,64.21725463867188,58.9687614440918
2008-11-20,64.33869171142578,54.59133529663086
2008-11-21,64.23248291015625,57.5361213684082
2008-11-24,64.0730972290039,61.52288818359375
2008-11-25,64.12620544433594,61.97871780395508
2008-11-26,64.32353210449219,64.37364196777344
2008-11-28,64.36146545410156,65.18400573730469
2008-12-01,64.46733093261719,59.41014099121094
2008-12-02,64.4597396850586,61.69651794433594
2008-12-03,64.51298522949219,63.1797981262207
2008-12-04,64.52823638916016,61.718231201171875
2008-12-05,64.4521713256836,63.62116622924805
2008-12-08,64.36072540283203,65.8424072265625
2008-12-09,64.5587387084961,64.75711059570312
2008-12-10,64.47502136230469,65.19850158691406
2008-12-11,64.62725067138672,63.62837219238281
2008-12-12,64.65775299072266,64.38809967041016
2008-12-15,64.70341491699219,63.49090576171875
2008-12-16,64.73387908935547,66.47916412353516
2008-12-17,64.5968246459961,65.83516693115234
2008-12-18,64.62725067138672,64.60515594482422
2008-12-19,64.56635284423828,64.32723999023438
2008-12-22,64.44450378417969,63.503013610839844
2008-12-23,64.4597396850586,62.8465576171875
2008-12-24,64.47502136230469,63.21123504638672
2008-12-26,64.55110931396484,63.57597732543945
2008-12-29,64.69328308105469,63.39362335205078
2008-12-30,64.75444793701172,64.89623260498047
2008-12-31,64.7238998413086,65.82255554199219
2009-01-02,64.37980651855469,67.80657196044922
2009-01-05,64.50981903076172,67.72634887695312
2009-01-06,64.54042053222656,68.17859649658203
2009-01-07,64.4945297241211,66.13622283935547
2009-01-08,64.50981903076172,66.40607452392578
2009-01-09,64.55569458007812,64.98371124267578
2009-01-12,64.57099151611328,63.422767639160156
2009-01-13,64.57858276367188,63.53945541381836
2009-01-14,64.65504455566406,61.5408821105957
2009-01-15,64.58628845214844,61.56275177001953
2009-01-16,64.6168441772461,62.0441780090332
2009-01-20,64.64741516113281,58.76913070678711
2009-01-21,64.54803466796875,61.30748748779297
2009-01-22,64.57858276367188,60.35921859741211
2009-01-23,64.56336212158203,60.6218147277832
2009-01-26,64.47923278808594,61.03757095336914
2009-01-27,64.54803466796875,61.657615661621094
2009-01-28,64.52510070800781,63.743717193603516
2009-01-29,64.40274810791016,61.67217254638672
2009-01-30,64.4410171508789,60.41758346557617
2009-02-02,64.50076293945312,60.23524856567383
2009-02-03,64.4317855834961,61.08137512207031
2009-02-04,64.32463073730469,60.78229904174805
2009-02-05,64.33995056152344,61.686767578125
2009-02-06,64.30167388916016,63.44467544555664
2009-02-09,64.27867126464844,63.532196044921875
2009-02-10,64.42414093017578,60.6218147277832
2009-02-11,64.40885925292969,60.979248046875
2009-02-12,64.48540496826172,61.02302551269531
2009-02-13,64.36285400390625,60.366539001464844
2009-02-17,64.53134155273438,57.784385681152344
2009-02-18,64.42414093017578,57.64578628540039
2009-02-19,64.40120697021484,57.02577590942383
2009-02-20,64.45479583740234,56.471431732177734
2009-02-23,64.44718933105469,54.45095443725586
2009-02-24,64.40120697021484,56.51521301269531
2009-02-25,64.27867126464844,56.07025146484375
2009-02-26,64.30929565429688,55.158504486083984
2009-02-27,64.34758758544922,53.925785064697266
2009-03-02,64.49253845214844,51.496822357177734
2009-03-03,64.43889617919922,51.110233306884766
2009-03-04,64.369873046875,52.32105255126953
2009-03-05,64.446533203125,50.18386459350586
2009-03-06,64.40052795410156,50.271400451660156
2009-03-09,64.33915710449219,49.680572509765625
2009-03-10,64.30081176757812,52.641998291015625
2009-03-11,64.33148956298828,52.98481369018555
2009-03-12,64.35446166992188,55.07097625732422
2009-03-13,64.40819549560547,55.5013313293457
2009-03-16,64.32381439208984,55.333534240722656
2009-03-17,64.30850219726562,57.02577590942383
2009-03-18,64.55390167236328,58.302284240722656
2009-03-19,64.47721099853516,57.580142974853516
2009-03-20,64.55390167236328,56.354026794433594
2009-03-23,64.50020599365234,60.40190124511719
2009-03-24,64.4157943725586,59.2117919921875
2009-03-25,64.40052795410156,59.83624267578125
2009-03-26,64.4848403930664,61.055694580078125
2009-03-27,64.51555633544922,59.95378112792969
2009-03-30,64.57689666748047,57.88207244873047
2009-03-31,64.66896057128906,58.4183464050293
2009-04-01,64.654296875,59.54973220825195
2009-04-02,64.54681396484375,61.29079055786133
2009-04-03,64.40082550048828,61.90056228637695
2009-04-06,64.4469223022461,61.41569900512695
2009-04-07,64.47000122070312,59.983158111572266
2009-04-08,64.47000122070312,60.62961196899414
2009-04-09,64.39312744140625,63.03923034667969
2009-04-13,64.51606750488281,63.05392837524414
2009-04-14,64.56982421875,61.966678619384766
2009-04-15,64.60057067871094,62.627830505371094
2009-04-16,64.50837707519531,63.546173095703125
2009-04-17,64.43925476074219,63.97225570678711
2009-04-20,64.50068664550781,61.29079055786133
2009-04-21,64.50837707519531,62.48826217651367
2009-04-22,64.50837707519531,62.10626983642578
2009-04-23,64.46227264404297,62.71602249145508
2009-04-24,64.46227264404297,63.66365432739258
2009-04-27,64.53910064697266,63.0612907409668
2009-04-28,64.4776382446289,62.8629150390625
2009-04-29,64.50837707519531,64.19998931884766
2009-04-30,64.5621109008789,64.22200012207031
2009-05-01,64.51366424560547,64.5672607421875
2009-05-04,64.49823760986328,66.76384735107422
2009-05-05,64.48285675048828,66.5361099243164
2009-05-06,64.52133178710938,67.68950653076172
2009-05-07,64.42899322509766,66.7491683959961
2009-05-08,64.47520446777344,68.3066177368164
2009-05-11,64.58292388916016,67.02831268310547
2009-05-12,64.57522583007812,66.82996368408203
2009-05-13,64.60604095458984,65.14763641357422
2009-05-14,64.6291275024414,65.70601654052734
2009-05-15,64.62142181396484,65.1697006225586
2009-05-18,64.55982208251953,67.0209732055664
2009-05-19,64.59834289550781,66.94017028808594
2009-05-20,64.68299865722656,66.4920425415039
2009-05-21,64.59834289550781,65.53699493408203
2009-05-22,64.61375427246094,65.39743041992188
2009-05-26,64.5290298461914,67.07243347167969
2009-05-27,64.51366424560547,65.87495422363281
2009-05-28,64.5059585571289,66.79324340820312
2009-05-29,64.59834289550781,67.97599792480469
2009-06-01,64.54508209228516,69.62158966064453
2009-06-02,64.52201080322266,69.68038940429688
2009-06-03,64.63763427734375,68.79878997802734
2009-06-04,64.57601165771484,69.4452896118164
2009-06-05,64.15193939208984,69.45997619628906
2009-06-08,63.98235321044922,69.17345428466797
2009-06-09,64.12884521484375,69.52609252929688
2009-06-10,64.12105560302734,69.34980010986328
2009-06-11,64.12884521484375,69.65833282470703
2009-06-12,64.19819641113281,69.84933471679688
2009-06-15,64.2444839477539,68.24784088134766
2009-06-16,64.31381225585938,67.32222747802734
2009-06-17,64.38323211669922,67.25606536865234
2009-06-18,64.2752914428711,67.74828338623047
2009-06-19,64.31381225585938,67.99799346923828
2009-06-22,64.39867401123047,65.95890808105469
2009-06-23,64.39867401123047,66.01063537597656
2009-06-24,64.39092254638672,66.57949829101562
2009-06-25,64.5143051147461,68.02758026123047
2009-06-26,64.54508209228516,67.85022735595703
2009-06-29,64.54508209228516,68.48558044433594
2009-06-30,64.53740692138672,67.93147277832031
2009-07-01,64.60072326660156,68.21224212646484
2009-07-02,64.67018127441406,66.35051727294922
2009-07-06,64.69334411621094,66.34312438964844
2009-07-07,64.68566131591797,65.05760192871094
2009-07-08,64.78601837158203,65.01327514648438
2009-07-09,64.75511932373047,65.1388931274414
2009-07-10,64.81686401367188,64.98373413085938
2009-07-13,64.7782974243164,66.56473541259766
2009-07-14,64.73194885253906,66.9415283203125
2009-07-15,64.5776138305664,68.89928436279297
2009-07-16,64.6779556274414,68.78846740722656
2009-07-17,64.65479278564453,69.54206848144531
2009-07-20,64.64703369140625,70.28086853027344
2009-07-21,64.72425079345703,70.60591125488281
2009-07-22,64.69334411621094,70.59115600585938
2009-07-23,64.5776138305664,72.14998626708984
2009-07-24,64.61618041992188,72.44547271728516
2009-07-27,64.5698471069336,72.65972137451172
2009-07-28,64.53126525878906,72.31988525390625
2009-07-29,64.49263000488281,72.1426010131836
2009-07-30,64.5003890991211,72.89613342285156
2009-07-31,64.60846710205078,72.99960327148438
2009-08-03,64.51719665527344,74.20377349853516
2009-08-04,64.46314239501953,74.3958740234375
2009-08-05,64.4400405883789,74.181640625
2009-08-06,64.4400405883789,73.79747009277344
2009-08-07,64.33172607421875,74.7652359008789
2009-08-10,64.43218231201172,74.6101303100586
2009-08-11,64.50180053710938,73.67926788330078
2009-08-12,64.52496337890625,74.46979522705078
2009-08-13,64.63317108154297,75.03864288330078
2009-08-14,64.67959594726562,74.46236419677734
2009-08-17,64.74913024902344,72.63017272949219
2009-08-18,64.73365783691406,73.2064208984375
2009-08-19,64.76459503173828,73.84920501708984
2009-08-20,64.74913024902344,74.6101303100586
2009-08-21,64.6486587524414,76.07295227050781
2009-08-24,64.72594451904297,76.06552124023438
2009-08-25,64.72594451904297,76.21330261230469
2009-08-26,64.76459503173828,76.22068786621094
2009-08-27,64.75686645507812,76.39060974121094
2009-08-28,64.82643127441406,76.37583923339844
2009-08-31,64.87284088134766,75.69615936279297
2009-09-01,64.92547607421875,74.0265121459961
2009-09-02,64.99514770507812,73.7457504272461
2009-09-03,64.93317413330078,74.35894012451172
2009-09-04,64.90227508544922,75.40062713623047
2009-09-08,64.90997314453125,76.05078887939453
2009-09-09,64.91768646240234,76.63443756103516
2009-09-10,64.95642852783203,77.41751098632812
2009-09-11,64.93317413330078,77.40275573730469
2009-09-14,64.89445495605469,77.77952575683594
2009-09-15,64.92547607421875,78.10460662841797
2009-09-16,64.8403091430664,79.28668975830078
2009-09-17,64.93317413330078,79.16845703125
2009-09-18,64.87132263183594,79.21895599365234
2009-09-21,64.89445495605469,79.01850891113281
2009-09-22,64.87905883789062,79.47872161865234
2009-09-23,64.97960662841797,78.81809997558594
2009-09-24,64.99514770507812,77.94960021972656
2009-09-25,64.97191619873047,77.53389739990234
2009-09-28,64.96417999267578,78.92201232910156
2009-09-29,64.95642852783203,78.68446350097656
2009-09-30,65.0260238647461,78.38011169433594
2009-10-01,65.09113311767578,76.43528747558594
2009-10-02,65.11441802978516,76.0789794921875
2009-10-05,65.11441802978516,77.21469116210938
2009-10-06,65.07566833496094,78.32072448730469
2009-10-07,65.1609115600586,78.53601837158203
2009-10-08,65.09893798828125,79.13728332519531
2009-10-09,65.00592041015625,79.61976623535156
2009-10-12,65.08341979980469,79.93153381347656
2009-10-13,65.12215423583984,79.76823425292969
2009-10-14,65.03695678710938,81.14148712158203
2009-10-15,64.9981689453125,81.43842315673828
2009-10-16,65.03695678710938,80.82974243164062
2009-10-19,65.03695678710938,81.49781036376953
2009-10-20,65.06792449951172,81.06726837158203
2009-10-21,65.03695678710938,80.33981323242188
2009-10-22,65.04471588134766,81.15636444091797
2009-10-23,64.93617248535156,80.22845458984375
2009-10-26,64.86641693115234,79.35995483398438
2009-10-27,64.9981689453125,78.99623107910156
2009-10-28,65.09113311767578,77.50419616699219
2009-10-29,65.03695678710938,79.16696166992188
2009-10-30,65.11441802978516,76.87323760986328
2009-11-02,65.12216186523438,77.43740844726562
2009-11-03,65.11441802978516,77.68236541748047
2009-11-04,65.10660552978516,77.88277435302734
2009-11-05,65.1688003540039,79.3154296875
2009-11-06,65.21540832519531,79.52326202392578
2009-11-09,65.21540832519531,81.33448791503906
2009-11-10,65.19986724853516,81.34929656982422
2009-11-11,65.26982116699219,81.76504516601562
2009-11-12,65.261962890625,80.93364715576172
2009-11-13,65.27754211425781,81.3716049194336
2009-11-16,65.31635284423828,82.5518798828125
2009-11-17,65.33191680908203,82.64834594726562
2009-11-18,65.33191680908203,82.59642028808594
2009-11-19,65.35519409179688,81.52008819580078
2009-11-20,65.37073516845703,81.23057556152344
2009-11-23,65.3629379272461,82.26240539550781
2009-11-24,65.41738891601562,82.38859558105469
2009-11-25,65.44842529296875,82.6780776977539
2009-11-27,65.49508666992188,81.33448791503906
2009-11-30,65.5027847290039,81.60914611816406
2009-12-01,65.51922607421875,82.61865234375
2009-12-02,65.46446228027344,82.58155059814453
2009-12-03,65.42535400390625,81.93574523925781
2009-12-04,65.26109313964844,82.40343475341797
2009-12-07,65.40193176269531,82.27722930908203
2009-12-08,65.46446228027344,81.36422729492188
2009-12-09,65.41755676269531,81.66851043701172
2009-12-10,65.39410400390625,82.12876892089844
2009-12-11,65.3237075805664,82.47764587402344
2009-12-14,65.25334930419922,83.04183959960938
2009-12-15,65.23763275146484,82.65580749511719
2009-12-16,65.28453826904297,82.78199768066406
2009-12-17,65.40969848632812,81.78730773925781
2009-12-18,65.36275482177734,82.2500228881836
2009-12-21,65.26109313964844,83.08587646484375
2009-12-22,65.1828842163086,83.38439178466797
2009-12-23,65.1828842163086,83.54857635498047
2009-12-24,65.10464477539062,83.94412994384766
2009-12-28,65.01081848144531,84.12322235107422
2009-12-29,65.05387878417969,84.00382995605469
2009-12-30,65.0303955078125,83.9739761352539
2009-12-31,64.95214080810547,83.1679458618164
2010-01-04,65.03823852539062,84.57848358154297
2010-01-05,65.11656951904297,84.80236053466797
2010-01-06,65.12435150146484,84.86203002929688
2010-01-07,65.10870361328125,85.22029876708984
2010-01-08,65.17132568359375,85.50391387939453
2010-01-11,65.20265197753906,85.62332153320312
2010-01-12,65.25748443603516,84.82478332519531
2010-01-13,65.20265197753906,85.54121398925781
2010-01-14,65.26528930664062,85.77257537841797
2010-01-15,65.3200912475586,84.8098373413086
2010-01-19,65.33573913574219,85.86958312988281
2010-01-20,65.33573913574219,84.99641418457031
2010-01-21,65.39054870605469,83.36199188232422
2010-01-22,65.44535827636719,81.50370788574219
2010-01-25,65.39054870605469,81.92163848876953
2010-01-26,65.39839935302734,81.57833099365234
2010-01-27,65.37487030029297,81.96640014648438
2010-01-28,65.40621185302734,81.02610778808594
2010-01-29,65.46886444091797,80.14543914794922
2010-02-01,65.44062805175781,81.3917465209961
2010-02-02,65.4485092163086,82.37686920166016
2010-02-03,65.40143585205078,81.96640014648438
2010-02-04,65.49549102783203,79.43644714355469
2010-02-05,65.59737396240234,79.60063934326172
2010-02-08,65.55040740966797,79.0259780883789
2010-02-09,65.4876708984375,80.01856994628906
2010-02-10,65.41715240478516,79.86186981201172
2010-02-11,65.44062805175781,80.69769287109375
2010-02-12,65.49549102783203,80.63056182861328
2010-02-16,65.50328063964844,81.8992691040039
2010-02-17,65.4485092163086,82.287353515625
2010-02-18,65.40925598144531,82.77241516113281
2010-02-19,65.38578796386719,82.94408416748047
2010-02-22,65.40925598144531,82.95902252197266
2010-02-23,65.46414947509766,81.95150756835938
2010-02-24,65.49549102783203,82.70527648925781
2010-02-25,65.55040740966797,82.59333801269531
2010-02-26,65.57378387451172,82.64557647705078
2010-03-01,65.56211853027344,83.5037841796875
2010-03-02,65.56211853027344,83.73513793945312
2010-03-03,65.55428314208984,83.8097915649414
2010-03-04,65.53071594238281,84.06354522705078
2010-03-05,65.475830078125,85.26505279541016
2010-03-08,65.44445037841797,85.27999877929688
2010-03-09,65.49148559570312,85.42179107666016
2010-03-10,65.475830078125,85.80240631103516
2010-03-11,65.3973617553711,86.16063690185547
2010-03-12,65.40522003173828,86.16812896728516
2010-03-15,65.42875671386719,86.19048309326172
2010-03-16,65.44445037841797,86.87708282470703
2010-03-17,65.46012878417969,87.39204406738281
2010-03-18,65.42088317871094,87.34728240966797
2010-03-19,65.37385559082031,86.90511322021484
2010-03-22,65.3973617553711,87.36974334716797
2010-03-23,65.37385559082031,87.98426055908203
2010-03-24,65.27188873291016,87.55709838867188
2010-03-25,65.29539489746094,87.4146957397461
2010-03-26,65.33462524414062,87.36224365234375
2010-03-29,65.365966796875,87.91679382324219
2010-03-30,65.35029602050781,87.97672271728516
2010-03-31,65.3973617553711,87.67697143554688
2010-04-01,65.37381744384766,88.27651977539062
2010-04-05,65.19322967529297,88.99589538574219
2010-04-06,65.24030303955078,89.20573425292969
2010-04-07,65.3424072265625,88.69615936279297
2010-04-08,65.32671356201172,89.00337219238281
2010-04-09,65.3424072265625,89.58788299560547
2010-04-12,65.37381744384766,89.73028564453125
2010-04-13,65.35813903808594,89.7977294921875
2010-04-14,65.35813903808594,90.81687927246094
2010-04-15,65.40513610839844,90.89180755615234
2010-04-16,65.5073013305664,89.44551086425781
2010-04-19,65.4444580078125,89.7827377319336
2010-04-20,65.45236206054688,90.58457946777344
2010-04-21,65.46018981933594,90.41968536376953
2010-04-22,65.41303253173828,90.68946838378906
2010-04-23,65.3895034790039,91.28145599365234
2010-04-26,65.3895034790039,90.9367904663086
2010-04-27,65.5151596069336,88.78607940673828
2010-04-28,65.49944305419922,89.46049499511719
2010-04-29,65.5151596069336,90.56958770751953
2010-04-30,65.59368896484375,89.03337097167969
2010-05-03,65.52923583984375,90.18741607666016
2010-05-04,65.56849670410156,88.06665802001953
2010-05-05,65.65499877929688,87.5421142578125
2010-05-06,65.7964859008789,84.63453674316406
2010-05-07,65.77290344238281,83.3755874633789
2010-05-10,65.68638610839844,87.04752349853516
2010-05-11,65.7256851196289,86.80022430419922
2010-05-12,65.7099609375,88.01421356201172
2010-05-13,65.74932098388672,86.92013549804688
2010-05-14,65.8357162475586,85.34642791748047
2010-05-17,65.8121566772461,85.3913803100586
2010-05-18,65.8829116821289,84.22986602783203
2010-05-19,65.85147094726562,83.75022888183594
2010-05-20,65.9300308227539,80.58788299560547
2010-05-21,65.8829116821289,81.76438903808594
2010-05-24,65.87503051757812,80.71528625488281
2010-05-25,65.86715698242188,80.79772186279297
2010-05-26,65.8121566772461,80.31059265136719
2010-05-27,65.76502227783203,83.0008773803711
2010-05-28,65.89071655273438,81.95925903320312
2010-06-01,65.89152526855469,80.58036041259766
2010-06-02,65.84428405761719,82.67863464355469
2010-06-03,65.82864379882812,82.96343231201172
2010-06-04,65.9780502319336,80.04833984375
2010-06-07,65.95442199707031,79.05168151855469
2010-06-08,65.9465560913086,79.8984375
2010-06-09,65.95442199707031,79.4713363647461
2010-06-10,65.86795806884766,81.79439544677734
2010-06-11,65.93873596191406,82.19158172607422
2010-06-14,65.95442199707031,82.06415557861328
2010-06-15,65.92300415039062,83.93010711669922
2010-06-16,65.93873596191406,83.90010833740234
2010-06-17,65.9780502319336,84.03501892089844
2010-06-18,65.98589324951172,84.12613677978516
2010-06-21,65.99375915527344,83.88520050048828
2010-06-22,66.02523040771484,82.49977111816406
2010-06-23,66.07246398925781,82.2437744140625
2010-06-24,66.08818817138672,80.88094329833984
2010-06-25,66.11177062988281,81.2197494506836
2010-06-28,66.15110778808594,80.96378326416016
2010-06-29,66.18254089355469,78.46399688720703
2010-06-30,66.16685485839844,77.71861267089844
2010-07-01,66.14558410644531,77.37224578857422
2010-07-02,66.14558410644531,76.95057678222656
2010-07-06,66.14558410644531,77.45509338378906
2010-07-07,66.13772583007812,79.89457702636719
2010-07-08,66.14558410644531,80.6851806640625
2010-07-09,66.12196350097656,81.28754425048828
2010-07-12,66.1298599243164,81.34024047851562
2010-07-13,66.08258056640625,82.56757354736328
2010-07-14,66.1534423828125,82.56000518798828
2010-07-15,66.16919708251953,82.58260345458984
2010-07-16,66.23218536376953,80.3087158203125
2010-07-19,66.20855712890625,80.78305053710938
2010-07-20,66.23218536376953,81.67906188964844
2010-07-21,66.26365661621094,80.6174087524414
2010-07-22,66.24002075195312,82.41693878173828
2010-07-23,66.20855712890625,83.13224029541016
2010-07-26,66.18495178222656,83.99813842773438
2010-07-27,66.14558410644531,83.99060821533203
2010-07-28,66.20855712890625,83.44847869873047
2010-07-29,66.26365661621094,83.04188537597656
2010-07-30,66.2951889038086,83.02680206298828
2010-08-02,66.2801742553711,84.90165710449219
2010-08-03,66.32747650146484,84.49506378173828
2010-08-04,66.27223205566406,85.05976867675781
2010-08-05,66.35111236572266,84.96942138671875
2010-08-06,66.36685943603516,84.6230697631836
2010-08-09,66.32747650146484,85.07481384277344
2010-08-10,66.3590087890625,84.61550903320312
2010-08-11,66.37469482421875,82.29649353027344
2010-08-12,66.3590087890625,81.79200744628906
2010-08-13,66.35111236572266,81.5510482788086
2010-08-16,66.41411590576172,81.51342010498047
2010-08-17,66.39836883544922,82.51483154296875
2010-08-18,66.41411590576172,82.66544342041016
2010-08-19,66.42992401123047,81.22728729248047
2010-08-20,66.40621948242188,80.96378326416016
2010-08-23,66.41411590576172,80.65505981445312
2010-08-24,66.46141815185547,79.45789337158203
2010-08-25,66.39836883544922,79.76661682128906
2010-08-26,66.39836883544922,79.23198699951172
2010-08-27,66.35111236572266,80.45931243896484
2010-08-30,66.42992401123047,79.29224395751953
2010-08-31,66.45353698730469,79.29224395751953
2010-09-01,66.41410827636719,81.66402435302734
2010-09-02,66.3983154296875,82.42447662353516
2010-09-03,66.36677551269531,83.49366760253906
2010-09-07,66.437744140625,82.55249786376953
2010-09-08,66.39045715332031,83.13224029541016
2010-09-09,66.3194580078125,83.51625061035156
2010-09-10,66.31155395507812,83.9378890991211
2010-09-13,66.36677551269531,84.87153625488281
2010-09-14,66.41410827636719,84.81884002685547
2010-09-15,66.42988586425781,85.14260864257812
2010-09-16,66.44561004638672,85.12002563476562
2010-09-17,66.46142578125,85.15178680419922
2010-09-20,66.46928405761719,86.45377349853516
2010-09-21,66.51659393310547,86.2796859741211
2010-09-22,66.50871276855469,85.85578155517578
2010-09-23,66.51659393310547,85.15934753417969
2010-09-24,66.50871276855469,86.9155502319336
2010-09-27,66.52450561523438,86.49919128417969
2010-09-28,66.540283203125,86.8019790649414
2010-09-29,66.52450561523438,86.65059661865234
2010-09-30,66.53243255615234,86.39324951171875
2010-10-01,66.54424285888672,86.7565689086914
2010-10-04,66.55208587646484,86.1055679321289
2010-10-05,66.58370971679688,87.83906555175781
2010-10-06,66.59161376953125,87.83145904541016
2010-10-07,66.64678192138672,87.72552490234375
2010-10-08,66.64678192138672,88.21751403808594
2010-10-11,66.6546630859375,88.30079650878906
2010-10-12,66.6072998046875,88.57331085205078
2010-10-13,66.61524200439453,89.26216125488281
2010-10-14,66.58370971679688,88.91393280029297
2010-10-15,66.6072998046875,89.09566497802734
2010-10-18,66.62313842773438,89.53468322753906
2010-10-19,66.6546630859375,88.36137390136719
2010-10-20,66.66259765625,89.22431182861328
2010-10-21,66.67050170898438,89.4211196899414
2010-10-22,66.6546630859375,89.5876693725586
2010-10-25,66.67050170898438,89.85260009765625
2010-10-26,66.6072998046875,89.86772155761719
2010-10-27,66.57583618164062,89.6103515625
2010-10-28,66.66259765625,89.62550354003906
2010-10-29,66.6783447265625,89.6936264038086
2010-11-01,66.70762634277344,89.72389221191406
2010-11-02,66.6681137084961,90.43547058105469
2010-11-03,66.69183349609375,90.798828125
2010-11-04,66.70762634277344,92.54743194580078
2010-11-05,66.65226745605469,92.89562225341797
2010-11-08,66.62068939208984,92.72150421142578
2010-11-09,66.53386688232422,92.05536651611328
2010-11-10,66.57335662841797,92.4262924194336
2010-11-11,66.47065734863281,92.07811737060547
2010-11-12,66.47065734863281,90.9880599975586
2010-11-15,66.43122100830078,90.85936737060547
2010-11-16,66.46279907226562,89.44384765625
2010-11-17,66.5022964477539,89.4892578125
2010-11-18,66.51013946533203,90.80635833740234
2010-11-19,66.47065734863281,91.05619049072266
2010-11-22,66.53386688232422,90.98048400878906
2010-11-23,66.57335662841797,89.6633529663086
2010-11-24,66.45486450195312,90.9880599975586
2010-11-26,66.5022964477539,89.92831420898438
2010-11-29,66.4943618774414,90.20082092285156
2010-11-30,66.54170227050781,89.6936264038086
2010-12-01,66.44208526611328,91.6012191772461
2010-12-02,66.44208526611328,92.77449798583984
2010-12-03,66.52912139892578,93.02433776855469
2010-12-06,66.56864929199219,92.9259262084961
2010-12-07,66.45003509521484,92.97888946533203
2010-12-08,66.34730529785156,93.31952667236328
2010-12-09,66.33940887451172,93.6828842163086
2010-12-10,66.3156509399414,94.22792053222656
2010-12-13,66.35519409179688,94.28848266601562
2010-12-14,66.32359313964844,94.37174987792969
2010-12-15,66.29986572265625,93.94022369384766
2010-12-16,66.3156509399414,94.4852523803711
2010-12-17,66.37100219726562,94.58648681640625
2010-12-20,66.38676452636719,94.81475830078125
2010-12-21,66.37100219726562,95.41590881347656
2010-12-22,66.35519409179688,95.7126693725586
2010-12-23,66.26825714111328,95.57572937011719
2010-12-27,66.3077621459961,95.61377716064453
2010-12-28,66.21919250488281,95.75074005126953
2010-12-29,66.37738800048828,95.81925201416016
2010-12-30,66.3536605834961,95.66702270507812
2010-12-31,66.43278503417969,95.68985748291016
2011-01-03,66.41690826416016,96.67909240722656
2011-01-04,66.401123046875,96.6258316040039
2011-01-05,66.28248596191406,97.12805938720703
2011-01-06,66.3536605834961,96.93782806396484
2011-01-07,66.4485855102539,96.74756622314453
2011-01-10,66.48023223876953,96.6258316040039
2011-01-11,66.44064331054688,96.96826934814453
2011-01-12,66.44064331054688,97.84336853027344
2011-01-13,66.46442413330078,97.68354797363281
2011-01-14,66.46442413330078,98.39126586914062
2011-01-18,66.4485855102539,98.55867004394531
2011-01-19,66.48023223876953,97.59223937988281
2011-01-20,66.40900421142578,97.46289825439453
2011-01-21,66.42486572265625,97.68354797363281
2011-01-24,66.41690826416016,98.23908233642578
2011-01-25,66.46442413330078,98.29232788085938
2011-01-26,66.4485855102539,98.67279815673828
2011-01-27,66.49606323242188,98.91630554199219
2011-01-28,66.52766418457031,97.18896484375
2011-01-31,66.51976013183594,97.91944122314453
2011-02-01,66.44701385498047,99.48699951171875
2011-02-02,66.40737915039062,99.29674530029297
2011-02-03,66.34405517578125,99.51747131347656
2011-02-04,66.28857421875,99.79901123046875
2011-02-07,66.25695037841797,100.4229965209961
2011-02-08,66.16989135742188,100.87957000732422
2011-02-09,66.2174072265625,100.65129089355469
2011-02-10,66.18566131591797,100.68933868408203
2011-02-11,66.18566131591797,101.29048156738281
2011-02-14,66.18566131591797,101.5339584350586
2011-02-15,66.2174072265625,101.2143783569336
2011-02-16,66.20944213867188,101.85360717773438
2011-02-17,66.28857421875,102.1579818725586
2011-02-18,66.3123779296875,102.37102508544922
2011-02-22,66.38365173339844,100.31644439697266
2011-02-23,66.36778259277344,99.7000732421875
2011-02-24,66.39945220947266,99.631591796875
2011-02-25,66.41529083251953,100.69692993164062
2011-02-28,66.43901824951172,101.32093048095703
2011-03-01,66.47944641113281,99.631591796875
2011-03-02,66.4477767944336,99.84469604492188
2011-03-03,66.3130874633789,101.56439971923828
2011-03-04,66.4636001586914,100.80347442626953
2011-03-07,66.41604614257812,100.01204681396484
2011-03-08,66.39229583740234,100.88719940185547
2011-03-09,66.43982696533203,100.74259185791016
2011-03-10,66.51109313964844,98.87825775146484
2011-03-11,66.5190200805664,99.56312561035156
2011-03-14,66.55866241455078,98.96196746826172
2011-03-15,66.5269775390625,97.82817077636719
2011-03-16,66.64581298828125,96.01705932617188
2011-03-17,66.61407470703125,97.287841796875
2011-03-18,66.58244323730469,97.64175415039062
2011-03-21,66.51109313964844,99.15496063232422
2011-03-22,66.49534606933594,98.81104278564453
2011-03-23,66.50321960449219,99.09381103515625
2011-03-24,66.45569610595703,100.04150390625
2011-03-25,66.40812683105469,100.3471908569336
2011-03-28,66.37641906738281,100.10262298583984
2011-03-29,66.3526840209961,100.77517700195312
2011-03-30,66.39229583740234,101.47067260742188
2011-03-31,66.3526840209961,101.33308410644531
2011-04-01,66.40583801269531,101.76107025146484
2011-04-04,66.42166137695312,101.84513092041016
2011-04-05,66.35028839111328,101.82984161376953
2011-04-06,66.35028839111328,102.15080261230469
2011-04-07,66.39785766601562,101.89097595214844
2011-04-08,66.37406158447266,101.53941345214844
2011-04-11,66.36612701416016,101.23372650146484
2011-04-12,66.47714233398438,100.47710418701172
2011-04-13,66.50885009765625,100.46947479248047
2011-04-14,66.44548034667969,100.54590606689453
2011-04-15,66.57225036621094,100.9127426147461
2011-04-18,66.58819580078125,99.7816390991211
2011-04-19,66.60401153564453,100.35485076904297
2011-04-20,66.5960464477539,101.72286224365234
2011-04-21,66.58023834228516,102.24254608154297
2011-04-25,66.58819580078125,102.13558197021484
2011-04-26,66.651611328125,103.01444244384766
2011-04-27,66.67536163330078,103.68695831298828
2011-04-28,66.67536163330078,104.02330017089844
2011-04-29,66.70713806152344,104.26782989501953
2011-05-02,66.6960220336914,104.10736846923828
2011-05-03,66.71976470947266,103.73286437988281
2011-05-04,66.75159454345703,103.04499816894531
2011-05-05,66.76740264892578,102.11265563964844
2011-05-06,66.77532196044922,102.56353759765625
2011-05-09,66.80706787109375,102.96092987060547
2011-05-10,66.74360656738281,103.83984375
2011-05-11,66.80706787109375,102.74696350097656
2011-05-12,66.77532196044922,103.23607635498047
2011-05-13,66.80706787109375,102.44125366210938
2011-05-16,66.83880615234375,101.7916259765625
2011-05-17,66.84672546386719,101.7763671875
2011-05-18,66.81510925292969,102.6858139038086
2011-05-19,66.82295227050781,102.93038940429688
2011-05-20,66.84672546386719,102.11265563964844
2011-05-23,66.85466003417969,100.92802429199219
2011-05-24,66.85466003417969,100.84393310546875
2011-05-25,66.886474609375,101.18023681640625
2011-05-26,66.9261703491211,101.64643096923828
2011-05-27,66.94999694824219,102.03619384765625
2011-05-31,66.94999694824219,103.09850311279297
2011-06-01,66.99439239501953,100.7828140258789
2011-06-02,66.95469665527344,100.67581176757812
2011-06-03,66.97853088378906,99.67463684082031
2011-06-06,66.98648071289062,98.61998748779297
2011-06-07,67.03411865234375,98.558837890625
2011-06-08,67.04207611083984,98.14611053466797
2011-06-09,66.9705581665039,98.89509582519531
2011-06-10,67.02616119384766,97.5194320678711
2011-06-13,67.00238800048828,97.59586334228516
2011-06-14,66.94670104980469,98.83395385742188
2011-06-15,67.04207611083984,97.076171875
2011-06-16,67.05001068115234,97.29017639160156
2011-06-17,67.06584930419922,97.58045959472656
2011-06-20,67.06584930419922,98.07971954345703
2011-06-21,67.07381439208984,99.42378997802734
2011-06-22,67.05789184570312,98.82469940185547
2011-06-23,67.09764862060547,98.54054260253906
2011-06-24,67.13734436035156,97.39614868164062
2011-06-27,67.07381439208984,98.26404571533203
2011-06-28,66.95469665527344,99.54668426513672
2011-06-29,66.95469665527344,100.39921569824219
2011-06-30,66.94670104980469,101.35926818847656
2011-07-01,66.9236831665039,102.85697174072266
2011-07-05,67.00318145751953,102.7724838256836
2011-07-06,67.02706146240234,102.8953857421875
2011-07-07,66.96346282958984,103.96295928955078
2011-07-08,67.05876159667969,103.2256088256836
2011-07-11,67.10651397705078,101.35926818847656
2011-07-12,67.09858703613281,100.92147064208984
2011-07-13,67.11442565917969,101.25941467285156
2011-07-14,67.09061431884766,100.56050109863281
2011-07-15,67.10651397705078,101.14422607421875
2011-07-18,67.10651397705078,100.3147201538086
2011-07-19,67.10651397705078,101.94300079345703
2011-07-20,67.08263397216797,101.88153076171875
2011-07-21,67.0509033203125,103.29474639892578
2011-07-22,67.05876159667969,103.36386108398438
2011-07-25,67.02706146240234,102.787841796875
2011-07-26,67.06678009033203,102.4038314819336
2011-07-27,67.02706146240234,100.3070297241211
2011-07-28,67.06678009033203,100.01519012451172
2011-07-29,67.13829803466797,99.33165740966797
2011-08-01,67.11520385742188,98.90919494628906
2011-08-02,67.20272064208984,96.38231658935547
2011-08-03,67.19469451904297,96.90458679199219
2011-08-04,67.25836181640625,92.36544799804688
2011-08-05,67.242431640625,92.22716522216797
2011-08-08,67.26626586914062,86.2210464477539
2011-08-09,67.33792114257812,90.23031616210938
2011-08-10,67.38565826416016,86.24407958984375
2011-08-11,67.36967468261719,90.11504364013672
2011-08-12,67.37767028808594,90.7218017578125
2011-08-15,67.35379791259766,92.64191436767578
2011-08-16,67.35379791259766,91.85081481933594
2011-08-17,67.36967468261719,91.91231536865234
2011-08-18,67.36176300048828,87.94915008544922
2011-08-19,67.36176300048828,86.51290893554688
2011-08-22,67.35379791259766,86.5820541381836
2011-08-23,67.32198333740234,89.43148803710938
2011-08-24,67.32198333740234,90.69111633300781
2011-08-25,67.36176300048828,89.30860137939453
2011-08-26,67.36967468261719,90.60660552978516
2011-08-29,67.35379791259766,93.21029663085938
2011-08-30,67.36967468261719,93.45606231689453
2011-08-31,67.36967468261719,93.87084197998047
2011-09-01,67.38877868652344,92.8877182006836
2011-09-02,67.35694885253906,90.51443481445312
2011-09-06,67.36491394042969,89.85393524169922
2011-09-07,67.34902954101562,92.38848114013672
2011-09-08,67.37291717529297,91.42842864990234
2011-09-09,67.39676666259766,89.0321273803711
2011-09-12,67.34902954101562,89.60816955566406
2011-09-13,67.35694885253906,90.42993927001953
2011-09-14,67.35694885253906,91.68184661865234
2011-09-15,67.36491394042969,93.2640609741211
2011-09-16,67.380859375,93.81600189208984
2011-09-19,67.41267395019531,92.88191223144531
2011-09-20,67.380859375,92.77381134033203
2011-09-21,67.3092041015625,90.04085540771484
2011-09-22,67.3171615600586,87.13034057617188
2011-09-23,67.32512664794922,87.65531158447266
2011-09-26,67.3012924194336,89.73976135253906
2011-09-27,67.27738189697266,90.74342346191406
2011-09-28,67.25353240966797,88.89053344726562
2011-09-29,67.2693862915039,89.59309387207031
2011-09-30,67.3012924194336,87.3542251586914
2011-10-03,67.31639099121094,84.8683090209961
2011-10-04,67.27659606933594,86.72888946533203
2011-10-05,67.27659606933594,88.3346939086914
2011-10-06,67.26065826416016,89.93276977539062
2011-10-07,67.23677825927734,89.33061218261719
2011-10-10,67.18103790283203,92.31832122802734
2011-10-11,67.21286010742188,92.41098022460938
2011-10-12,67.21286010742188,93.2215805053711
2011-10-13,67.22879028320312,93.03632354736328
2011-10-14,67.26065826416016,94.62667083740234
2011-10-17,67.26863861083984,92.82013702392578
2011-10-18,67.26863861083984,94.63438415527344
2011-10-19,67.29248809814453,93.51496887207031
2011-10-20,67.30052947998047,93.92413330078125
2011-10-21,67.27659606933594,95.70751953125
2011-10-24,67.27659606933594,96.88096618652344
2011-10-25,67.31639099121094,94.99723052978516
2011-10-26,67.27659606933594,95.96226501464844
2011-10-27,67.22879028320312,99.30512237548828
2011-10-28,67.26065826416016,99.28195190429688
2011-10-31,67.3243179321289,96.88868713378906
2011-11-01,67.33072662353516,94.18661499023438
2011-11-02,67.34667205810547,95.72296142578125
2011-11-03,67.35464477539062,97.46769714355469
2011-11-04,67.35464477539062,96.8732681274414
2011-11-07,67.33873748779297,97.47541046142578
2011-11-08,67.33072662353516,98.72608947753906
2011-11-09,67.34667205810547,95.08214569091797
2011-11-10,67.35464477539062,95.97772216796875
2011-11-11,67.32279205322266,97.78422546386719
2011-11-14,67.35464477539062,96.8577880859375
2011-11-15,67.34667205810547,97.33647918701172
2011-11-16,67.33072662353516,95.79244232177734
2011-11-17,67.33873748779297,94.27154541015625
2011-11-18,67.31482696533203,94.17118072509766
2011-11-21,67.32279205322266,92.38008117675781
2011-11-22,67.33072662353516,92.01721954345703
2011-11-23,67.33873748779297,89.98684692382812
2011-11-25,67.33873748779297,89.81697082519531
2011-11-28,67.34667205810547,92.41868591308594
2011-11-29,67.35464477539062,92.6811752319336
2011-11-30,67.35464477539062,96.49494171142578
2011-12-01,67.35865783691406,96.4795150756836
2011-12-02,67.3426513671875,96.39462280273438
2011-12-05,67.35066986083984,97.44453430175781
2011-12-06,67.35066986083984,97.47541046142578
2011-12-07,67.37457275390625,97.83829498291016
2011-12-08,67.38252258300781,95.69206237792969
2011-12-09,67.38252258300781,97.31333923339844
2011-12-12,67.38252258300781,95.89276885986328
2011-12-13,67.38252258300781,94.99723052978516
2011-12-14,67.3665771484375,93.98588562011719
2011-12-15,67.35865783691406,94.3255844116211
2011-12-16,67.39049530029297,94.4654312133789
2011-12-19,67.38252258300781,93.45543670654297
2011-12-20,67.3665771484375,96.28341674804688
2011-12-21,67.3426513671875,96.46986389160156
2011-12-22,67.33473205566406,97.32449340820312
2011-12-23,67.35066986083984,98.19461059570312
2011-12-27,67.32594299316406,98.27229309082031
2011-12-28,67.34186553955078,96.98260498046875
2011-12-29,67.34986114501953,97.98485565185547
2011-12-30,67.3897476196289,97.503173828125
2012-01-03,67.34986114501953,99.05705261230469
2012-01-04,67.35782623291016,99.21237182617188
2012-01-05,67.36581420898438,99.47657775878906
2012-01-06,67.35782623291016,99.22017669677734
2012-01-09,67.37379455566406,99.4610366821289
2012-01-10,67.3818130493164,100.32339477539062
2012-01-11,67.4056625366211,100.37777709960938
2012-01-12,67.3977279663086,100.61859130859375
2012-01-13,67.41365051269531,100.09806060791016
2012-01-17,67.4216537475586,100.48651885986328
2012-01-18,67.41365051269531,101.5975570678711
2012-01-19,67.41365051269531,102.13359069824219
2012-01-20,67.3977279663086,102.51426696777344
2012-01-23,67.4056625366211,102.2501449584961
2012-01-24,67.4056625366211,102.13359069824219
2012-01-25,67.4455337524414,102.98819732666016
2012-01-26,67.45352935791016,102.45989227294922
2012-01-27,67.46946716308594,102.4133071899414
2012-01-30,67.4455337524414,102.06369018554688
2012-01-31,67.4455337524414,102.02484893798828
2012-02-01,67.42243957519531,102.91829681396484
2012-02-02,67.43037414550781,103.0814437866211
2012-02-03,67.43037414550781,104.52649688720703
2012-02-06,67.4144515991211,104.45661926269531
2012-02-07,67.39851379394531,104.72071838378906
2012-02-08,67.39851379394531,105.03150177001953
2012-02-09,67.36654663085938,105.16357421875
2012-02-10,67.38252258300781,104.38668060302734
2012-02-13,67.34261322021484,105.16357421875
2012-02-14,67.35858917236328,105.03150177001953
2012-02-15,67.36654663085938,104.54204559326172
2012-02-16,67.34261322021484,105.69966888427734
2012-02-17,67.32666015625,105.97936248779297
2012-02-21,67.31072235107422,106.02594757080078
2012-02-22,67.34261322021484,105.68412017822266
2012-02-23,67.33465576171875,106.15026092529297
2012-02-24,67.31865692138672,106.38337707519531
2012-02-27,67.33465576171875,106.56204223632812
2012-02-28,67.35060119628906,106.8727798461914
2012-02-29,67.35060119628906,106.45329284667969
2012-03-01,67.33866119384766,107.00487518310547
2012-03-02,67.35455322265625,106.6785659790039
2012-03-05,67.35455322265625,106.24347686767578
2012-03-06,67.35455322265625,104.6896743774414
2012-03-07,67.33866119384766,105.41996002197266
2012-03-08,67.3146743774414,106.46878051757812
2012-03-09,67.3146743774414,106.88056945800781
2012-03-12,67.32266998291016,106.88834381103516
2012-03-13,67.28279113769531,108.81511688232422
2012-03-14,67.18699645996094,108.69855499267578
2012-03-15,67.2269515991211,109.3278579711914
2012-03-16,67.26680755615234,109.4792709350586
2012-03-19,67.21888732910156,109.90841674804688
2012-03-20,67.20297241210938,109.58844757080078
2012-03-21,67.24285125732422,109.40902709960938
2012-03-22,67.2508544921875,108.6208724975586
2012-03-23,67.25883483886719,108.97200775146484
2012-03-26,67.27481079101562,110.50148010253906
2012-03-27,67.29878997802734,110.15814971923828
2012-03-28,67.28279113769531,109.61192321777344
2012-03-29,67.30670928955078,109.42462158203125
2012-03-30,67.29878997802734,109.87718963623047
2012-04-02,67.31465911865234,110.68093872070312
2012-04-03,67.26679992675781,110.22833251953125
2012-04-04,67.28277587890625,109.13591766357422
2012-04-05,67.30670928955078,109.0812759399414
2012-04-09,67.35458374023438,107.8561782836914
2012-04-10,67.38658905029297,106.04584503173828
2012-04-11,67.37857055664062,106.90418243408203
2012-04-12,67.38658905029297,108.30096435546875
2012-04-13,67.3945541381836,107.01344299316406
2012-04-16,67.3945541381836,106.94322967529297
2012-04-17,67.3945541381836,108.52725219726562
2012-04-18,67.4105453491211,108.1604995727539
2012-04-19,67.41849517822266,107.46601104736328
2012-04-20,67.41849517822266,107.6454849243164
2012-04-23,67.43446350097656,106.74034881591797
2012-04-24,67.4105453491211,107.14608764648438
2012-04-25,67.42645263671875,108.6130599975586
2012-04-26,67.43446350097656,109.37003326416016
2012-04-27,67.41849517822266,109.54945373535156
2012-04-30,67.43446350097656,109.1436996459961
2012-05-01,67.4328384399414,109.82260131835938
2012-05-02,67.44091796875,109.49482727050781
2012-05-03,67.4328384399414,108.65989685058594
2012-05-04,67.45682525634766,106.90418243408203
2012-05-07,67.45682525634766,106.98219299316406
2012-05-08,67.46482849121094,106.55301666259766
2012-05-09,67.45682525634766,105.92098236083984
2012-05-10,67.44886016845703,106.13948059082031
2012-05-11,67.45682525634766,105.81954956054688
2012-05-14,67.44886016845703,104.6490249633789
2012-05-15,67.44091796875,104.0482177734375
2012-05-16,67.4328384399414,103.6502456665039
2012-05-17,67.40089416503906,102.11299133300781
2012-05-18,67.40892028808594,101.23906707763672
2012-05-21,67.41687774658203,102.97916412353516
2012-05-22,67.39295196533203,103.15864562988281
2012-05-23,67.42493438720703,103.21327209472656
2012-05-24,67.40089416503906,103.41614532470703
2012-05-25,67.4328384399414,103.08060455322266
2012-05-29,67.41687774658203,104.32911682128906
2012-05-30,67.44886016845703,102.81529235839844
2012-05-31,67.4727783203125,102.58895111083984
2012-06-01,67.47919464111328,100.00613403320312
2012-06-04,67.47117614746094,99.95934295654297
2012-06-05,67.48717498779297,100.71625518798828
2012-06-06,67.46329498291016,102.97916412353516
2012-06-07,67.45523071289062,103.04159545898438
2012-06-08,67.45523071289062,103.86093139648438
2012-06-11,67.45523071289062,102.54217529296875
2012-06-12,67.42324829101562,103.72047424316406
2012-06-13,67.41524505615234,103.05720520019531
2012-06-14,67.42324829101562,104.14961242675781
2012-06-15,67.447265625,105.21484375
2012-06-18,67.43123626708984,105.41875457763672
2012-06-19,67.42324829101562,106.4384536743164
2012-06-20,67.39933013916016,106.26586151123047
2012-06-21,67.40731811523438,103.88137817382812
2012-06-22,67.41524505615234,104.6814193725586
2012-06-25,67.41524505615234,103.00294494628906
2012-06-26,67.39933013916016,103.52058410644531
2012-06-27,67.39933013916016,104.4539794921875
2012-06-28,67.40731811523438,104.1559066772461
2012-06-29,67.40731811523438,106.75218963623047
2012-07-02,67.42803955078125,107.07378387451172
2012-07-03,67.41207885742188,107.77967071533203
2012-07-05,67.43609619140625,107.29341888427734
2012-07-06,67.46006774902344,106.273681640625
2012-07-09,67.46006774902344,106.14038848876953
2012-07-10,67.46006774902344,105.21484375
2012-07-11,67.46802520751953,105.23051452636719
2012-07-12,67.4840316772461,104.7206802368164
2012-07-13,67.50006103515625,106.4776611328125
2012-07-16,67.52397918701172,106.22665405273438
2012-07-17,67.51599884033203,106.95610809326172
2012-07-18,67.53194427490234,107.74832916259766
2012-07-19,67.5479736328125,108.03067779541016
2012-07-20,67.55594635009766,107.04236602783203
2012-07-23,67.56396484375,105.9599838256836
2012-07-24,67.5479736328125,105.05009460449219
2012-07-25,67.55594635009766,105.07361602783203
2012-07-26,67.55594635009766,106.80706787109375
2012-07-27,67.508056640625,108.77581787109375
2012-07-30,67.53996276855469,108.77581787109375
2012-07-31,67.55594635009766,108.0149917602539
2012-08-01,67.54474639892578,107.9208755493164
2012-08-02,67.55272674560547,107.17573547363281
2012-08-03,67.52880096435547,109.3013687133789
2012-08-06,67.53677368164062,109.51313781738281
2012-08-07,67.50477600097656,110.06217193603516
2012-08-08,67.4808120727539,110.19554138183594
2012-08-09,67.4808120727539,110.2896728515625
2012-08-10,67.49679565429688,110.4700698852539
2012-08-13,67.50477600097656,110.4151611328125
2012-08-14,67.48882293701172,110.43082427978516
2012-08-15,67.46482849121094,110.55633544921875
2012-08-16,67.45681762695312,111.37206268310547
2012-08-17,67.46482849121094,111.52110290527344
2012-08-20,67.46482849121094,111.52894592285156
2012-08-21,67.46482849121094,111.19165802001953
2012-08-22,67.50477600097656,111.23876953125
2012-08-23,67.51277160644531,110.3288803100586
2012-08-24,67.51277160644531,110.9955825805664
2012-08-27,67.50477600097656,111.01908874511719
2012-08-28,67.51277160644531,110.90928649902344
2012-08-29,67.51277160644531,110.9955825805664
2012-08-30,67.52082824707031,110.19554138183594
2012-08-31,67.56073760986328,110.72105407714844
2012-09-04,67.55597686767578,110.61908721923828
2012-09-05,67.55597686767578,110.52496337890625
2012-09-06,67.52395629882812,112.76830291748047
2012-09-07,67.53994750976562,113.20751953125
2012-09-10,67.52395629882812,112.56430053710938
2012-09-11,67.53994750976562,112.87805938720703
2012-09-12,67.53192138671875,113.25454711914062
2012-09-13,67.55597686767578,114.98016357421875
2012-09-14,67.52395629882812,115.49002075195312
2012-09-17,67.52395629882812,115.09782409667969
2012-09-18,67.53192138671875,115.00370025634766
2012-09-19,67.53192138671875,115.06642150878906
2012-09-20,67.51599884033203,115.07427978515625
2012-09-21,67.52395629882812,115.02617645263672
2012-09-24,67.53192138671875,114.85272979736328
2012-09-25,67.51599884033203,113.63045501708984
2012-09-26,67.53192138671875,112.99169158935547
2012-09-27,67.53994750976562,114.0562744140625
2012-09-28,67.57193756103516,113.52791595458984
2012-10-01,67.57356262207031,113.8276138305664
2012-10-02,67.55756378173828,113.94586181640625
2012-10-03,67.55756378173828,114.41110229492188
2012-10-04,67.55756378173828,115.23120880126953
2012-10-05,67.52554321289062,115.23907470703125
2012-10-08,67.53352355957031,114.8448257446289
2012-10-09,67.53352355957031,113.70930480957031
2012-10-10,67.52554321289062,112.98384857177734
2012-10-11,67.51753997802734,113.0468978881836
2012-10-12,67.54157257080078,112.67627716064453
2012-10-15,67.52554321289062,113.6146469116211
2012-10-16,67.52554321289062,114.76593780517578
2012-10-17,67.48555755615234,115.28640747070312
2012-10-18,67.49353790283203,114.98681640625
2012-10-19,67.49353790283203,113.07057189941406
2012-10-22,67.46955871582031,113.08637237548828
2012-10-23,67.50154876708984,111.51712036132812
2012-10-24,67.49353790283203,111.20176696777344
2012-10-25,67.46955871582031,111.5250015258789
2012-10-26,67.48555755615234,111.4619369506836
2012-10-31,67.52554321289062,111.4619369506836
2012-11-01,67.50959014892578,112.62899780273438
2012-11-02,67.50154876708984,111.62752532958984
2012-11-05,67.50154876708984,111.85620880126953
2012-11-06,67.47756958007812,112.73152160644531
2012-11-07,67.53352355957031,110.17659759521484
2012-11-08,67.53352355957031,108.85179901123047
2012-11-09,67.53352355957031,108.94644165039062
2012-11-12,67.53352355957031,109.033203125
2012-11-13,67.54157257080078,108.65470123291016
2012-11-14,67.55756378173828,107.18801879882812
2012-11-15,67.55756378173828,107.00665283203125
2012-11-16,67.55756378173828,107.53495788574219
2012-11-19,67.5495376586914,109.7113265991211
2012-11-20,67.53352355957031,109.7586441040039
2012-11-21,67.52554321289062,109.96365356445312
2012-11-23,67.52554321289062,111.4619369506836
2012-11-26,67.51753997802734,111.22534942626953
2012-11-27,67.52554321289062,110.65760040283203
2012-11-28,67.53352355957031,111.54864501953125
2012-11-29,67.53352355957031,112.06913757324219
2012-11-30,67.54157257080078,112.09276580810547
2012-12-03,67.54953002929688,111.54075622558594
2012-12-04,67.54953002929688,111.38307189941406
2012-12-05,67.5655517578125,111.58021545410156
2012-12-06,67.5655517578125,111.9587173461914
2012-12-07,67.5655517578125,112.29779815673828
2012-12-10,67.5655517578125,112.34514617919922
2012-12-11,67.5655517578125,113.11001586914062
2012-12-12,67.55757904052734,113.16523742675781
2012-12-13,67.55757904052734,112.47127532958984
2012-12-14,67.57355499267578,112.0533676147461
2012-12-17,67.55757904052734,113.37029266357422
2012-12-18,67.51754760742188,114.6319351196289
2012-12-19,67.53352355957031,113.7802734375
2012-12-20,67.52559661865234,114.43479919433594
2012-12-21,67.53352355957031,113.39605712890625
2012-12-24,67.53352355957031,113.04666137695312
2012-12-26,67.5343017578125,112.57009887695312
2012-12-27,67.5583267211914,112.41922760009766
2012-12-28,67.5583267211914,111.20419311523438
2012-12-31,67.5583267211914,113.09427642822266
2013-01-02,67.54234313964844,115.99293518066406
2013-01-03,67.54234313964844,115.73082733154297
2013-01-04,67.55030059814453,116.23906707763672
2013-01-07,67.55030059814453,115.92140197753906
2013-01-08,67.5583267211914,115.5878677368164
2013-01-09,67.58234405517578,115.88174438476562
2013-01-10,67.57438659667969,116.80293273925781
2013-01-11,67.56637573242188,116.79497528076172
2013-01-14,67.56637573242188,116.71556854248047
2013-01-15,67.57438659667969,116.79497528076172
2013-01-16,67.57438659667969,116.77912139892578
2013-01-17,67.56637573242188,117.53353881835938
2013-01-18,67.56637573242188,117.79562377929688
2013-01-22,67.58234405517578,118.430908203125
2013-01-23,67.58234405517578,118.62150573730469
2013-01-24,67.58234405517578,118.65331268310547
2013-01-25,67.55030059814453,119.32036590576172
2013-01-28,67.52632141113281,119.17742156982422
2013-01-29,67.5343017578125,119.64599609375
2013-01-30,67.5583267211914,119.17742156982422
2013-01-31,67.56637573242188,118.88358306884766
2013-02-01,67.55916595458984,120.1065444946289
2013-02-04,67.57515716552734,118.75653076171875
2013-02-05,67.57515716552734,119.9556884765625
2013-02-06,67.59117126464844,120.04302215576172
2013-02-07,67.59117126464844,119.8842544555664
2013-02-08,67.59915161132812,120.55133819580078
2013-02-11,67.57515716552734,120.52748107910156
2013-02-12,67.55916595458984,120.72599792480469
2013-02-13,67.55115509033203,120.82928466796875
2013-02-14,67.55916595458984,120.94038391113281
2013-02-15,67.56716918945312,120.79744720458984
2013-02-19,67.55916595458984,121.7027816772461
2013-02-20,67.55916595458984,120.18598937988281
2013-02-21,67.58308410644531,119.45540618896484
2013-02-22,67.58308410644531,120.62274169921875
2013-02-25,67.59915161132812,118.32771301269531
2013-02-26,67.61516571044922,119.13770294189453
2013-02-27,67.61516571044922,120.63866424560547
2013-02-28,67.60712432861328,120.40036010742188
2013-03-01,67.62157440185547,120.79744720458984
2013-03-04,67.61359405517578,121.44075775146484
2013-03-05,67.60558319091797,122.52864837646484
2013-03-06,67.59761047363281,122.69552612304688
2013-03-07,67.58155059814453,122.91781616210938
2013-03-08,67.58959197998047,123.44196319580078
2013-03-11,67.58155059814453,123.91047668457031
2013-03-12,67.59761047363281,123.63256072998047
2013-03-13,67.58155059814453,123.80728912353516
2013-03-14,67.58155059814453,124.46642303466797
2013-03-15,67.60558319091797,124.30206298828125
2013-03-18,67.62157440185547,123.61608123779297
2013-03-19,67.61359405517578,123.32890319824219
2013-03-20,67.60558319091797,124.1904296875
2013-03-21,67.61359405517578,123.1294937133789
2013-03-22,67.59761047363281,124.11865997314453
2013-03-25,67.59761047363281,123.60020446777344
2013-03-26,67.60558319091797,124.58928680419922
2013-03-27,67.62157440185547,124.58928680419922
2013-03-28,67.62957000732422,124.9721908569336
2013-04-01,67.63600158691406,124.47760009765625
2013-04-02,67.63600158691406,125.09182739257812
2013-04-03,67.62798309326172,123.82350158691406
2013-04-04,67.6520004272461,124.32606506347656
2013-04-05,67.6520004272461,123.76762390136719
2013-04-08,67.63600158691406,124.60518646240234
2013-04-09,67.63600158691406,125.03602600097656
2013-04-10,67.63600158691406,126.56751251220703
2013-04-11,67.63600158691406,126.98229217529297
2013-04-12,67.64403533935547,126.67118835449219
2013-04-15,67.6520004272461,123.73577117919922
2013-04-16,67.6520004272461,125.56243896484375
2013-04-17,67.6520004272461,123.72777557373047
2013-04-18,67.6520004272461,122.95407104492188
2013-04-19,67.6520004272461,124.02289581298828
2013-04-22,67.66001892089844,124.57330322265625
2013-04-23,67.6520004272461,125.85758209228516
2013-04-24,67.66001892089844,125.93733215332031
2013-04-25,67.6520004272461,126.44781494140625
2013-04-26,67.66806030273438,126.22450256347656
2013-04-29,67.68408203125,127.070068359375
2013-04-30,67.676025390625,127.37313079833984
2013-05-01,67.68966674804688,126.25640869140625
2013-05-02,67.6816635131836,127.42901611328125
2013-05-03,67.65763092041016,128.72120666503906
2013-05-06,67.65763092041016,129.04827880859375
2013-05-07,67.65763092041016,129.7023468017578
2013-05-08,67.66564178466797,130.29269409179688
2013-05-09,67.65763092041016,129.92576599121094
2013-05-10,67.64962005615234,130.3485107421875
2013-05-13,67.63360595703125,130.45217895507812
2013-05-14,67.63360595703125,131.80030822753906
2013-05-15,67.64158630371094,132.51023864746094
2013-05-16,67.65763092041016,131.88803100585938
2013-05-17,67.64158630371094,133.164306640625
2013-05-20,67.64962005615234,133.15634155273438
2013-05-21,67.64962005615234,133.34774780273438
2013-05-22,67.62564086914062,132.358642578125
2013-05-23,67.64158630371094,131.97579956054688
2013-05-24,67.62564086914062,131.86412048339844
2013-05-28,67.57752990722656,132.65382385253906
2013-05-29,67.57752990722656,131.79226684570312
2013-05-30,67.59355926513672,132.27890014648438
2013-05-31,67.58556365966797,130.3804168701172
2013-06-03,67.60712432861328,131.09829711914062
2013-06-04,67.60712432861328,130.46810913085938
2013-06-05,67.61515045166016,128.64149475097656
2013-06-06,67.60712432861328,129.8060760498047
2013-06-07,67.5991439819336,131.457275390625
2013-06-10,67.57511138916016,131.457275390625
2013-06-11,67.567138671875,130.10118103027344
2013-06-12,67.55914306640625,129.0243377685547
2013-06-13,67.59117126464844,130.98667907714844
2013-06-14,67.63924407958984,130.16505432128906
2013-06-17,67.63924407958984,131.1701202392578
2013-06-18,67.63924407958984,132.20703125
2013-06-19,67.55914306640625,130.3804168701172
2013-06-20,67.55113983154297,127.14976501464844
2013-06-21,67.49498748779297,127.55799865722656
2013-06-24,67.46295166015625,125.9461898803711
2013-06-25,67.45491027832031,127.15702819824219
2013-06-26,67.48699951171875,128.416015625
2013-06-27,67.52706909179688,129.16981506347656
2013-06-28,67.51907348632812,128.64056396484375
2013-07-01,67.54866027832031,129.3943634033203
2013-07-02,67.55670166015625,129.27407836914062
2013-07-03,67.54866027832031,129.33021545410156
2013-07-05,67.4765625,130.7254638671875
2013-07-08,67.5246353149414,131.47125244140625
2013-07-09,67.51663970947266,132.41749572753906
2013-07-10,67.51663970947266,132.46560668945312
2013-07-11,67.57272338867188,134.2698974609375
2013-07-12,67.53264617919922,134.32598876953125
2013-07-15,67.56475067138672,134.83920288085938
2013-07-16,67.57272338867188,134.33399963378906
2013-07-17,67.59671020507812,134.67884826660156
2013-07-18,67.58873748779297,135.41659545898438
2013-07-19,67.62078857421875,135.6571502685547
2013-07-22,67.62078857421875,135.92178344726562
2013-07-23,67.61280822753906,135.6331024169922
2013-07-24,67.58074188232422,135.1359100341797
2013-07-25,67.62078857421875,135.46469116210938
2013-07-26,67.62882995605469,135.60902404785156
2013-07-29,67.62078857421875,135.1920166015625
2013-07-30,67.62882995605469,135.1920166015625
2013-07-31,67.62882995605469,135.2882843017578
2013-08-01,67.60313415527344,136.85195922851562
2013-08-02,67.65125274658203,137.0845489501953
2013-08-05,67.64325714111328,136.88406372070312
2013-08-06,67.63516235351562,136.1062469482422
2013-08-07,67.65125274658203,135.6650848388672
2013-08-08,67.65125274658203,136.162353515625
2013-08-09,67.63516235351562,135.76943969726562
2013-08-12,67.63516235351562,135.60902404785156
2013-08-13,67.60313415527344,136.00997924804688
2013-08-14,67.60313415527344,135.31227111816406
2013-08-15,67.57915496826172,133.41986083984375
2013-08-16,67.587158203125,132.9788055419922
2013-08-19,67.57108306884766,132.12881469726562
2013-08-20,67.587158203125,132.7783203125
2013-08-21,67.54708099365234,131.96038818359375
2013-08-22,67.52301025390625,133.16331481933594
2013-08-23,67.52301025390625,133.61231994628906
2013-08-26,67.54708099365234,133.11509704589844
2013-08-27,67.57915496826172,130.97406005859375
2013-08-28,67.53900146484375,131.43917846679688
2013-08-29,67.55506134033203,131.6476287841797
2013-08-30,67.56307983398438,131.2306671142578
2013-09-03,67.53741455078125,131.82406616210938
2013-09-04,67.47331237792969,132.9146728515625
2013-09-05,67.40921783447266,133.08302307128906
2013-09-06,67.47331237792969,133.14723205566406
2013-09-09,67.48934936523438,134.42221069335938
2013-09-10,67.46526336669922,135.41659545898438
2013-09-11,67.49732208251953,135.8416290283203
2013-09-12,67.49732208251953,135.48065185546875
2013-09-13,67.49732208251953,135.78549194335938
2013-09-16,67.54547119140625,136.5713348388672
2013-09-17,67.56949615478516,137.1807861328125
2013-09-18,67.6576919555664,138.76852416992188
2013-09-19,67.63360595703125,138.53594970703125
2013-09-20,67.64166259765625,137.5674285888672
2013-09-23,67.6576919555664,136.9307861328125
2013-09-24,67.66572570800781,136.60848999023438
2013-09-25,67.68981170654297,136.21365356445312
2013-09-26,67.6576919555664,136.7373809814453
2013-09-27,67.69776153564453,136.10890197753906
2013-09-30,67.71379089355469,135.3835906982422
2013-10-01,67.69622039794922,136.4553985595703
2013-10-02,67.70420837402344,136.32640075683594
2013-10-03,67.70420837402344,135.0693817138672
2013-10-04,67.68012237548828,136.09278869628906
2013-10-07,67.68012237548828,134.91629028320312
2013-10-08,67.62401580810547,133.344970703125
2013-10-09,67.64801788330078,133.44163513183594
2013-10-10,67.64801788330078,136.318359375
2013-10-11,67.64801788330078,137.19671630859375
2013-10-14,67.62401580810547,137.74465942382812
2013-10-15,67.64801788330078,136.7454833984375
2013-10-16,67.6720962524414,138.6551971435547
2013-10-17,67.69622039794922,139.58192443847656
2013-10-18,67.69622039794922,140.52471923828125
2013-10-21,67.69622039794922,140.53273010253906
2013-10-22,67.75225830078125,141.34664916992188
2013-10-23,67.72822570800781,140.6697540283203
2013-10-24,67.72016906738281,141.1371307373047
2013-10-25,67.73624420166016,141.78175354003906
2013-10-28,67.75225830078125,142.0074005126953
2013-10-29,67.75225830078125,142.76486206054688
2013-10-30,67.75225830078125,142.05567932128906
2013-10-31,67.76030731201172,141.65281677246094
2013-11-01,67.73544311523438,141.9912872314453
2013-11-04,67.75149536132812,142.4908447265625
2013-11-05,67.75149536132812,142.0396728515625
2013-11-06,67.76753234863281,142.76486206054688
2013-11-07,67.78357696533203,140.95986938476562
2013-11-08,67.73544311523438,142.86154174804688
2013-11-11,67.75149536132812,142.8856964111328
2013-11-12,67.73544311523438,142.59564208984375
2013-11-13,67.73544311523438,143.73985290527344
2013-11-14,67.7754898071289,144.4570770263672
2013-11-15,67.7754898071289,145.0855712890625
2013-11-18,67.8075942993164,144.57789611816406
2013-11-19,67.78357696533203,144.2636260986328
2013-11-20,67.79161071777344,143.81243896484375
2013-11-21,67.82369232177734,144.97274780273438
2013-11-22,67.8075942993164,145.697998046875
2013-11-25,67.8075942993164,145.55296325683594
2013-11-26,67.81563568115234,145.59320068359375
2013-11-27,67.81563568115234,145.94773864746094
2013-11-29,67.82369232177734,145.85108947753906
2013-12-02,67.78275299072266,145.47235107421875
2013-12-03,67.79878234863281,144.84376525878906
2013-12-04,67.78275299072266,144.8277587890625
2013-12-05,67.79071044921875,144.19113159179688
2013-12-06,67.76676177978516,145.80274963378906
2013-12-09,67.76676177978516,146.1734161376953
2013-12-10,67.79071044921875,145.64962768554688
2013-12-11,67.76676177978516,144.0138702392578
2013-12-12,67.74263000488281,143.5384063720703
2013-12-13,67.75872802734375,143.5222930908203
2013-12-16,67.75872802734375,144.4167938232422
2013-12-17,67.774658203125,143.95736694335938
2013-12-18,67.774658203125,146.41513061523438
2013-12-19,67.73464965820312,146.24594116210938
2013-12-20,67.71053314208984,147.0965576171875
2013-12-23,67.70250701904297,147.88250732421875
2013-12-24,67.67852783203125,148.20655822753906
2013-12-26,67.6712417602539,148.9600372314453
2013-12-27,67.70330810546875,148.95196533203125
2013-12-30,67.71939086914062,148.92762756347656
2013-12-31,67.70330810546875,149.63253784179688
2014-01-02,67.73544311523438,148.198486328125
2014-01-03,67.71133422851562,148.17420959472656
2014-01-06,67.71939086914062,147.7447967529297
2014-01-07,67.71939086914062,148.6521759033203
2014-01-08,67.65521240234375,148.68458557128906
2014-01-09,67.6712417602539,148.78176879882812
2014-01-10,67.73544311523438,149.18690490722656
2014-01-13,67.75151062011719,147.20193481445312
2014-01-14,67.73544311523438,148.80612182617188
2014-01-15,67.71133422851562,149.60813903808594
2014-01-16,67.72737121582031,149.4137420654297
2014-01-17,67.72737121582031,148.78176879882812
2014-01-21,67.71939086914062,149.21932983398438
2014-01-22,67.68730926513672,149.31649780273438
2014-01-23,67.75151062011719,148.09315490722656
2014-01-24,67.7755126953125,144.93348693847656
2014-01-27,67.76754760742188,144.2205047607422
2014-01-28,67.76754760742188,145.07928466796875
2014-01-29,67.815673828125,143.68582153320312
2014-01-30,67.80762481689453,145.20887756347656
2014-01-31,67.83975982666016,144.35812377929688
2014-02-03,67.85818481445312,141.10940551757812
2014-02-04,67.86625671386719,142.0978240966797
2014-02-05,67.83415222167969,141.91957092285156
2014-02-06,67.8421401977539,143.79103088378906
2014-02-07,67.85818481445312,145.57350158691406
2014-02-10,67.8421401977539,145.84080505371094
2014-02-11,67.8260498046875,147.4368896484375
2014-02-12,67.79402923583984,147.50985717773438
2014-02-13,67.83415222167969,148.2714080810547
2014-02-14,67.83415222167969,149.08969116210938
2014-02-18,67.85818481445312,149.2678985595703
2014-02-19,67.83415222167969,148.279541015625
2014-02-20,67.8421401977539,149.15452575683594
2014-02-21,67.85014343261719,148.98434448242188
2014-02-24,67.85014343261719,149.8107147216797
2014-02-25,67.8421401977539,149.75401306152344
2014-02-26,67.87422180175781,149.7621307373047
2014-02-27,67.86625671386719,150.54798889160156
2014-02-28,67.86625671386719,150.9287872314453
2014-03-03,67.90478515625,149.86744689941406
2014-03-04,67.84856414794922,151.97398376464844
2014-03-05,67.87263488769531,152.1116485595703
2014-03-06,67.83248138427734,152.4600067138672
2014-03-07,67.78436279296875,152.5248565673828
2014-03-10,67.79237365722656,152.44383239746094
2014-03-11,67.79237365722656,151.69032287597656
2014-03-12,67.81649017333984,151.7308807373047
2014-03-13,67.85660552978516,150.02943420410156
2014-03-14,67.84053039550781,149.60813903808594
2014-03-17,67.81649017333984,150.96121215820312
2014-03-18,67.83248138427734,152.03872680664062
2014-03-19,67.7200927734375,151.22853088378906
2014-03-20,67.72817993164062,152.1116485595703
2014-03-21,67.73617553710938,151.5216522216797
2014-03-24,67.70405578613281,150.89508056640625
2014-03-25,67.71211242675781,151.61119079589844
2014-03-26,67.76026916503906,150.52073669433594
2014-03-27,67.75220489501953,150.20338439941406
2014-03-28,67.75220489501953,150.94395446777344
2014-03-31,67.79237365722656,152.1807861328125
2014-04-01,67.75300598144531,153.18988037109375
2014-04-02,67.72895812988281,153.7025146484375
2014-04-03,67.74502563476562,153.49911499023438
2014-04-04,67.80122375488281,151.68441772460938
2014-04-07,67.80924987792969,150.0081024169922
2014-04-08,67.8172607421875,150.62657165527344
2014-04-09,67.84937286376953,152.2459259033203
2014-04-10,67.88954162597656,149.0478973388672
2014-04-11,67.88147735595703,147.70513916015625
2014-04-14,67.87345886230469,148.86883544921875
2014-04-15,67.87345886230469,149.89418029785156
2014-04-16,67.84937286376953,151.46475219726562
2014-04-17,67.83335876464844,151.67628479003906
2014-04-21,67.83335876464844,152.2052001953125
2014-04-22,67.80122375488281,152.89688110351562
2014-04-23,67.83335876464844,152.53884887695312
2014-04-24,67.8172607421875,152.84811401367188
2014-04-25,67.82530975341797,151.59490966796875
2014-04-28,67.82530975341797,152.07504272460938
2014-04-29,67.8172607421875,152.78298950195312
2014-04-30,67.86543273925781,153.2387237548828
2014-05-01,67.86619567871094,153.25494384765625
2014-05-02,67.85820770263672,153.0352325439453
2014-05-05,67.86619567871094,153.3281707763672
2014-05-06,67.84211730957031,151.99365234375
2014-05-07,67.86619567871094,152.88880920410156
2014-05-08,67.88230895996094,152.7260284423828
2014-05-09,67.90638732910156,152.95388793945312
2014-05-12,67.89031219482422,154.44308471679688
2014-05-13,67.91447448730469,154.58135986328125
2014-05-14,67.93853759765625,153.8489990234375
2014-05-15,67.94654846191406,152.49819946289062
2014-05-16,67.95460510253906,153.02713012695312
2014-05-19,67.97067260742188,153.58860778808594
2014-05-20,67.97868347167969,152.62030029296875
2014-05-21,67.97868347167969,153.90602111816406
2014-05-22,67.96260070800781,154.2803192138672
2014-05-23,67.94654846191406,154.8987579345703
2014-05-27,67.96260070800781,155.8509521484375
2014-05-28,67.97868347167969,155.73695373535156
2014-05-29,67.97067260742188,156.54251098632812
2014-05-30,67.98670196533203,156.79481506347656
2014-06-02,67.9408950805664,156.97384643554688
2014-06-03,67.92486572265625,156.89248657226562
2014-06-04,67.94892120361328,157.20982360839844
2014-06-05,67.95701599121094,158.23516845703125
2014-06-06,67.9408950805664,158.991943359375
2014-06-09,67.89269256591797,159.1547393798828
2014-06-10,67.87664031982422,159.17100524902344
2014-06-11,67.9007797241211,158.61766052246094
2014-06-12,67.92486572265625,157.4946746826172
2014-06-13,67.88467407226562,157.97483825683594
2014-06-16,67.86864471435547,158.10496520996094
2014-06-17,67.81238555908203,158.5443878173828
2014-06-18,67.86864471435547,159.70803833007812
2014-06-19,67.8606185913086,159.8871307373047
2014-06-20,67.8606185913086,160.21168518066406
2014-06-23,67.8606185913086,160.16265869140625
2014-06-24,67.88467407226562,159.19784545898438
2014-06-25,67.89269256591797,159.91737365722656
2014-06-26,67.90877532958984,159.80287170410156
2014-06-27,67.92486572265625,160.11363220214844
2014-06-30,67.93290710449219,160.03179931640625
2014-07-01,67.90472412109375,161.10293579101562
2014-07-02,67.88069152832031,161.26649475097656
2014-07-03,67.87256622314453,162.0596160888672
2014-07-07,67.85658264160156,161.49542236328125
2014-07-08,67.87256622314453,160.45703125
2014-07-09,67.88069152832031,161.176513671875
2014-07-10,67.91278839111328,160.5387725830078
2014-07-11,67.92884826660156,160.75953674316406
2014-07-14,67.92083740234375,161.56900024414062
2014-07-15,67.8886947631836,161.26649475097656
2014-07-16,67.88069152832031,161.8633575439453
2014-07-17,67.93692016601562,160.02366638183594
2014-07-18,67.88069152832031,161.65892028808594
2014-07-21,67.8886947631836,161.3564453125
2014-07-22,67.8886947631836,162.0596160888672
2014-07-23,67.91278839111328,162.4193878173828
2014-07-24,67.8886947631836,162.4275360107422
2014-07-25,67.89673614501953,161.6670684814453
2014-07-28,67.8646011352539,161.73252868652344
2014-07-29,67.88069152832031,161.03756713867188
2014-07-30,67.84852600097656,161.0620574951172
2014-07-31,67.88069152832031,157.88136291503906
2014-08-01,67.96669006347656,157.39895629882812
2014-08-04,67.96669006347656,158.53549194335938
2014-08-05,67.96669006347656,156.99827575683594
2014-08-06,67.98272705078125,157.04742431640625
2014-08-07,68.01490020751953,156.19703674316406
2014-08-08,67.97469329833984,158.00401306152344
2014-08-11,67.97469329833984,158.4619140625
2014-08-12,67.97469329833984,158.2411651611328
2014-08-13,68.0068359375,159.31227111816406
2014-08-14,68.02294158935547,160.06455993652344
2014-08-15,68.02294158935547,160.03179931640625
2014-08-18,68.02294158935547,161.37278747558594
2014-08-19,68.02294158935547,162.21498107910156
2014-08-20,67.95862579345703,162.64834594726562
2014-08-21,67.95862579345703,163.12255859375
2014-08-22,67.94257354736328,162.8690948486328
2014-08-25,67.91844940185547,163.69491577148438
2014-08-26,67.94257354736328,163.8011932373047
2014-08-27,67.95862579345703,163.73574829101562
2014-08-28,67.97469329833984,163.6459503173828
2014-08-29,68.0068359375,164.11190795898438
2014-09-02,67.94893646240234,164.03021240234375
2014-09-03,67.96507263183594,163.94024658203125
2014-09-04,67.95697784423828,163.70309448242188
2014-09-05,67.98110961914062,164.43899536132812
2014-09-08,67.94091033935547,164.01382446289062
2014-09-09,67.9007568359375,162.97540283203125
2014-09-10,67.90876007080078,163.58865356445312
2014-09-11,67.91676330566406,163.77670288085938
2014-09-12,67.9007568359375,162.8199920654297
2014-09-15,67.93291473388672,162.69737243652344
2014-09-16,67.97308349609375,163.92384338378906
2014-09-17,67.9007568359375,164.14463806152344
2014-09-18,67.90876007080078,165.01953125
2014-09-19,67.9007568359375,164.87081909179688
2014-09-22,67.94893646240234,163.59751892089844
2014-09-23,67.96507263183594,162.6610565185547
2014-09-24,67.94091033935547,163.934326171875
2014-09-25,67.98917388916016,161.2892303466797
2014-09-26,67.95697784423828,162.5707244873047
2014-09-29,67.97308349609375,162.2749786376953
2014-09-30,67.95697784423828,161.84780883789062
2014-10-01,68.02938079833984,159.6544647216797
2014-10-02,68.0213623046875,159.6790771484375
2014-10-03,67.95703887939453,161.43710327148438
2014-10-06,68.0213623046875,161.2481231689453
2014-10-07,68.06160736083984,158.75906372070312
2014-10-08,68.13394165039062,161.53565979003906
2014-10-09,68.13394165039062,158.33184814453125
2014-10-10,68.16614532470703,156.52464294433594
2014-10-13,68.19025421142578,153.95343017578125
2014-10-14,68.23048400878906,154.19161987304688
2014-10-15,68.31896209716797,153.14830017089844
2014-10-16,68.27882385253906,153.01687622070312
2014-10-17,68.2385482788086,154.8241424560547
2014-10-20,68.27882385253906,156.3274383544922
2014-10-21,68.26265716552734,159.4244842529297
2014-10-22,68.24658203125,158.29078674316406
2014-10-23,68.21441650390625,160.13092041015625
2014-10-24,68.23048400878906,161.3631134033203
2014-10-27,68.23048400878906,161.14132690429688
2014-10-28,68.21441650390625,162.98965454101562
2014-10-29,68.12591552734375,162.7432403564453
2014-10-30,68.15007019042969,163.78648376464844
2014-10-31,68.13394165039062,165.65951538085938
2014-11-03,68.12510681152344,165.74981689453125
2014-11-04,68.1170883178711,165.17477416992188
2014-11-05,68.1009750366211,166.2180938720703
2014-11-06,68.0848617553711,166.8834991455078
2014-11-07,68.13312530517578,167.03955078125
2014-11-10,68.0848617553711,167.56529235839844
2014-11-11,68.07682800292969,167.72964477539062
2014-11-12,68.1009750366211,167.548828125
2014-11-13,68.1170883178711,167.73779296875
2014-11-14,68.14920806884766,167.77886962890625
2014-11-17,68.1412124633789,167.8856201171875
2014-11-18,68.13312530517578,168.85499572753906
2014-11-19,68.12510681152344,168.58389282226562
2014-11-20,68.1412124633789,168.8796844482422
2014-11-21,68.15729522705078,169.7833251953125
2014-11-24,68.16534423828125,170.25973510742188
2014-11-25,68.17340850830078,170.1365509033203
2014-11-26,68.18144226074219,170.57192993164062
2014-11-28,68.20556640625,170.21047973632812
2014-12-01,68.2048110961914,169.0275421142578
2014-12-02,68.16456604003906,170.12008666992188
2014-12-03,68.13230895996094,170.77728271484375
2014-12-04,68.17257690429688,170.58837890625
2014-12-05,68.04380798339844,170.86766052246094
2014-12-08,68.03572845458984,169.725830078125
2014-12-09,68.05989074707031,169.61083984375
2014-12-10,68.11624145507812,166.8917236328125
2014-12-11,68.0840072631836,167.73779296875
2014-12-12,68.14837646484375,165.02694702148438
2014-12-15,68.10012817382812,163.8932647705078
2014-12-16,68.1403579711914,162.5789337158203
2014-12-17,68.07595825195312,165.76622009277344
2014-12-18,68.03572845458984,169.86541748046875
2014-12-19,67.98743438720703,170.58822631835938
2014-12-22,68.00359344482422,171.3729248046875
2014-12-23,67.93107604980469,171.60418701171875
2014-12-24,67.96569061279297,171.6206817626953
2014-12-26,67.94156646728516,172.17410278320312
2014-12-29,68.00596618652344,172.40542602539062
2014-12-30,68.03015899658203,171.48033142089844
2014-12-31,68.00596618652344,169.77870178222656
2015-01-02,68.07844543457031,169.6878662109375
2015-01-05,68.07844543457031,166.62330627441406
2015-01-06,68.11067199707031,165.05393981933594
2015-01-07,68.14289855957031,167.11068725585938
2015-01-08,68.13482666015625,170.0760498046875
2015-01-09,68.19119262695312,168.71316528320312
2015-01-12,68.23149108886719,167.3915252685547
2015-01-13,68.27172088623047,166.9207305908203
2015-01-14,68.31201171875,165.9129638671875
2015-01-15,68.41670227050781,164.3931427001953
2015-01-16,68.35224151611328,166.54901123046875
2015-01-20,68.32002258300781,166.90415954589844
2015-01-21,68.32002258300781,167.7467041015625
2015-01-22,68.2958984375,170.2413330078125
2015-01-23,68.3281478881836,169.307861328125
2015-01-26,68.28781127929688,169.704345703125
2015-01-27,68.3281478881836,167.46585083007812
2015-01-28,68.37640380859375,165.31826782226562
2015-01-29,68.35224151611328,166.84637451171875
2015-01-30,68.4327392578125,164.748291015625
2015-02-02,68.4110336303711,166.78855895996094
2015-02-03,68.35469055175781,169.2005157470703
2015-02-04,68.36267852783203,168.55618286132812
2015-02-05,68.33855438232422,170.2577362060547
2015-02-06,68.17739868164062,169.78697204589844
2015-02-09,68.16937255859375,169.0270538330078
2015-02-10,68.15322875976562,170.8277587890625
2015-02-11,68.16131591796875,170.9268798828125
2015-02-12,68.1854476928711,172.57061767578125
2015-02-13,68.1854476928711,173.28103637695312
2015-02-17,68.15322875976562,173.55357360839844
2015-02-18,68.23381042480469,173.57009887695312
2015-02-19,68.19352722167969,173.44619750976562
2015-02-20,68.1854476928711,174.4869842529297
2015-02-23,68.21769714355469,174.46221923828125
2015-02-24,68.27407836914062,174.9578399658203
2015-02-25,68.27407836914062,174.8091278076172
2015-02-26,68.20964813232422,174.60260009765625
2015-02-27,68.23381042480469,174.0079345703125
2015-03-02,68.17815399169922,175.10646057128906
2015-03-03,68.16207122802734,174.38784790039062
2015-03-04,68.17815399169922,173.65274047851562
2015-03-05,68.20237731933594,173.84271240234375
2015-03-06,68.12985229492188,171.39776611328125
2015-03-09,68.16207122802734,172.1081085205078
2015-03-10,68.17815399169922,169.3161163330078
2015-03-11,68.17815399169922,168.919677734375
2015-03-12,68.19432067871094,171.06735229492188
2015-03-13,68.20237731933594,170.0182647705078
2015-03-16,68.21041107177734,172.289794921875
2015-03-17,68.19432067871094,171.7776641845703
2015-03-18,68.35552978515625,173.84271240234375
2015-03-19,68.2668228149414,173.04974365234375
2015-03-20,68.3151626586914,174.5772247314453
2015-03-23,68.33934020996094,174.23703002929688
2015-03-24,68.36356353759766,173.25799560546875
2015-03-25,68.34740447998047,170.71910095214844
2015-03-26,68.3151626586914,170.3125762939453
2015-03-27,68.35552978515625,170.7024688720703
2015-03-30,68.34740447998047,172.78506469726562
2015-03-31,68.40384674072266,171.2749786376953
2015-04-01,68.43364715576172,170.6693115234375
2015-04-02,68.4256362915039,171.28326416015625
2015-04-06,68.4820327758789,172.43658447265625
2015-04-07,68.43364715576172,171.98025512695312
2015-04-08,68.43364715576172,172.56103515625
2015-04-09,68.40948486328125,173.32431030273438
2015-04-10,68.39335632324219,174.27020263671875
2015-04-13,68.43364715576172,173.4820098876953
2015-04-14,68.4659423828125,173.81382751464844
2015-04-15,68.4659423828125,174.59378051757812
2015-04-16,68.49823760986328,174.54400634765625
2015-04-17,68.4659423828125,172.5361328125
2015-04-20,68.4579086303711,174.11257934570312
2015-04-21,68.4659423828125,173.90512084960938
2015-04-22,68.40948486328125,174.75975036621094
2015-04-23,68.44175720214844,175.199462890625
2015-04-24,68.4659423828125,175.60604858398438
2015-04-27,68.4579086303711,174.87594604492188
2015-04-28,68.4256362915039,175.43174743652344
2015-04-29,68.43364715576172,174.70994567871094
2015-04-30,68.4256362915039,172.95932006835938
2015-05-01,68.39736938476562,174.83438110351562
2015-05-04,68.39736938476562,175.33226013183594
2015-05-05,68.38123321533203,173.32431030273438
2015-05-06,68.35710144042969,172.6107940673828
2015-05-07,68.33284759521484,173.2995147705078
2015-05-08,68.42967224121094,175.58106994628906
2015-05-11,68.36511993408203,174.74313354492188
2015-05-12,68.3731918334961,174.220458984375
2015-05-13,68.40547943115234,174.25364685058594
2015-05-14,68.469970703125,176.0706329345703
2015-05-15,68.469970703125,176.2614288330078
2015-05-18,68.42967224121094,176.80908203125
2015-05-19,68.38933563232422,176.7510528564453
2015-05-20,68.41350555419922,176.62655639648438
2015-05-21,68.43771362304688,177.14100646972656
2015-05-22,68.38933563232422,176.7178192138672
2015-05-26,68.39736938476562,174.81773376464844
2015-05-27,68.40547943115234,176.47718811035156
2015-05-28,68.43771362304688,176.27806091308594
2015-05-29,68.45387268066406,175.18289184570312
2015-06-01,68.41107177734375,175.53964233398438
2015-06-02,68.40306854248047,175.3654022216797
2015-06-03,68.3788070678711,175.83006286621094
2015-06-04,68.38687896728516,174.34487915039062
2015-06-05,68.32233428955078,174.04624938964844
2015-06-08,68.36264038085938,172.9758758544922
2015-06-09,68.33036041259766,172.95098876953125
2015-06-10,68.31423950195312,175.0252227783203
2015-06-11,68.33036041259766,175.58946228027344
2015-06-12,68.31423950195312,174.24533081054688
2015-06-15,68.34654235839844,173.49853515625
2015-06-16,68.37068939208984,174.4444122314453
2015-06-17,68.41914367675781,174.7264862060547
2015-06-18,68.43527221679688,176.54360961914062
2015-06-19,68.45142364501953,175.75987243652344
2015-06-22,68.40306854248047,176.6603240966797
2015-06-23,68.38687896728516,176.78533935546875
2015-06-24,68.41914367675781,175.50144958496094
2015-06-25,68.40306854248047,174.96783447265625
2015-06-26,68.36264038085938,174.9344482421875
2015-06-29,68.47562408447266,171.2659912109375
2015-06-30,68.47562408447266,171.6245574951172
2015-07-01,68.41752624511719,173.00015258789062
2015-07-02,68.52244567871094,172.8418426513672
2015-07-06,68.53856658935547,172.3498992919922
2015-07-07,68.53054809570312,173.43374633789062
2015-07-08,68.60322570800781,170.52398681640625
2015-07-09,68.55477142333984,170.83248901367188
2015-07-10,68.49018096923828,172.9835205078125
2015-07-13,68.4579086303711,174.89285278320312
2015-07-14,68.49018096923828,175.65147399902344
2015-07-15,68.51439666748047,175.59312438964844
2015-07-16,68.48204803466797,177.0021209716797
2015-07-17,68.46595001220703,177.15219116210938
2015-07-20,68.42556762695312,177.24386596679688
2015-07-21,68.43365478515625,176.54354858398438
2015-07-22,68.42556762695312,176.22677612304688
2015-07-23,68.43365478515625,175.23460388183594
2015-07-24,68.44983673095703,173.41708374023438
2015-07-27,68.49828338623047,172.40829467773438
2015-07-28,68.48204803466797,174.52598571777344
2015-07-29,68.46595001220703,175.72657775878906
2015-07-30,68.43365478515625,175.7681884765625
2015-07-31,68.50630950927734,175.50144958496094
2015-08-03,68.52897644042969,174.90945434570312
2015-08-04,68.4239273071289,174.56764221191406
2015-08-05,68.43197631835938,175.1428985595703
2015-08-06,68.44818878173828,173.7088623046875
2015-08-07,68.41584014892578,173.37538146972656
2015-08-10,68.41584014892578,175.5597686767578
2015-08-11,68.50469207763672,173.9756622314453
2015-08-12,68.50469207763672,174.1841278076172
2015-08-13,68.44818878173828,173.96734619140625
2015-08-14,68.41584014892578,174.60096740722656
2015-08-17,68.45621490478516,175.57640075683594
2015-08-18,68.44818878173828,175.06790161132812
2015-08-19,68.51273345947266,173.68385314941406
2015-08-20,68.48857879638672,170.05709838867188
2015-08-21,68.5612564086914,164.93792724609375
2015-08-24,68.59353637695312,157.9929656982422
2015-08-25,68.5612564086914,156.13372802734375
2015-08-26,68.52085876464844,162.12831115722656
2015-08-27,68.52897644042969,166.13856506347656
2015-08-28,68.49662780761719,166.14688110351562
2015-08-31,68.47237396240234,164.80458068847656
2015-09-01,68.49665069580078,159.88552856445312
2015-09-02,68.51277923583984,162.92034912109375
2015-09-03,68.51277923583984,163.03707885742188
2015-09-04,68.52086639404297,160.56918334960938
2015-09-08,68.49665069580078,164.6044464111328
2015-09-09,68.48052215576172,162.40342712402344
2015-09-10,68.50470733642578,163.2871856689453
2015-09-11,68.52899932861328,164.02920532226562
2015-09-14,68.51277923583984,163.4205322265625
2015-09-15,68.41584014892578,165.4632568359375
2015-09-16,68.40776062011719,166.89724731445312
2015-09-17,68.56131744384766,166.52212524414062
2015-09-18,68.5936050415039,163.80088806152344
2015-09-21,68.55321502685547,164.6473388671875
2015-09-22,68.5936050415039,162.51023864746094
2015-09-23,68.5693359375,162.25039672851562
2015-09-24,68.60977935791016,161.66375732421875
2015-09-25,68.57748413085938,161.62185668945312
2015-09-28,68.62590789794922,157.56556701660156
2015-09-29,68.65823364257812,157.65780639648438
2015-09-30,68.67438507080078,160.59942626953125
2015-10-01,68.67438507080078,161.0184783935547
2015-10-02,68.77141571044922,163.42372131347656
2015-10-05,68.72290802001953,166.33184814453125
2015-10-06,68.71480560302734,165.7619171142578
2015-10-07,68.69865417480469,167.11962890625
2015-10-08,68.68251037597656,168.62814331054688
2015-10-09,68.68251037597656,168.72872924804688
2015-10-12,68.66636657714844,168.88795471191406
2015-10-13,68.69056701660156,167.82357788085938
2015-10-14,68.78759002685547,167.0189971923828
2015-10-15,68.74715423583984,169.5835418701172
2015-10-16,68.71480560302734,170.3545684814453
2015-10-19,68.73905181884766,170.4384307861328
2015-10-20,68.69865417480469,170.22042846679688
2015-10-21,68.72290802001953,169.16452026367188
2015-10-22,68.74715423583984,172.0223388671875
2015-10-23,68.69056701660156,173.9080352783203
2015-10-26,68.69056701660156,173.4805450439453
2015-10-27,68.71480560302734,173.14537048339844
2015-10-28,68.6258773803711,175.1148223876953
2015-10-29,68.57737731933594,175.0142364501953
2015-10-30,68.57737731933594,174.25997924804688
2015-11-02,68.53778839111328,176.3216552734375
2015-11-03,68.52967071533203,176.83285522460938
2015-11-04,68.45685577392578,176.29649353027344
2015-11-05,68.45685577392578,176.12049865722656
2015-11-06,68.3921127319336,176.02828979492188
2015-11-09,68.37599182128906,174.3856658935547
2015-11-10,68.4083480834961,174.78799438476562
2015-11-11,68.3921127319336,174.10073852539062
2015-11-12,68.41638946533203,171.67031860351562
2015-11-13,68.47306823730469,169.74278259277344
2015-11-16,68.47306823730469,172.32400512695312
2015-11-17,68.44880676269531,172.1983184814453
2015-11-18,68.42450714111328,174.93040466308594
2015-11-19,68.4083480834961,174.779541015625
2015-11-20,68.4083480834961,175.41653442382812
2015-11-23,68.40025329589844,175.2154083251953
2015-11-24,68.40025329589844,175.45005798339844
2015-11-25,68.4083480834961,175.4249267578125
2015-11-27,68.42450714111328,175.6260223388672
2015-11-30,68.40025329589844,174.8968963623047
2015-12-01,68.44154357910156,176.5646514892578
2015-12-02,68.3849105834961,174.76283264160156
2015-12-03,68.3849105834961,172.31565856933594
2015-12-04,68.4010238647461,175.67633056640625
2015-12-07,68.3929443359375,174.61199951171875
2015-12-08,68.3849105834961,173.43869018554688
2015-12-09,68.40914916992188,172.08938598632812
2015-12-10,68.36870574951172,172.53358459472656
2015-12-11,68.44954681396484,169.18966674804688
2015-12-14,68.36870574951172,170.0445098876953
2015-12-15,68.36060333251953,171.82952880859375
2015-12-16,68.30398559570312,174.34378051757812
2015-12-17,68.30398559570312,171.68707275390625
2015-12-18,68.3929443359375,168.6284637451172
2015-12-21,68.3849105834961,170.01956176757812
2015-12-22,68.36870574951172,171.5623321533203
2015-12-23,68.34445190429688,173.6868133544922
2015-12-24,68.37113189697266,173.4001922607422
2015-12-28,68.33064270019531,173.00396728515625
2015-12-29,68.3144760131836,174.8502655029297
2015-12-30,68.33064270019531,173.6109619140625
2015-12-31,68.29828643798828,171.87425231933594
2016-01-04,68.38737487792969,169.4715576171875
2016-01-05,68.3469009399414,169.75819396972656
2016-01-06,68.38737487792969,167.61680603027344
2016-01-07,68.41161346435547,163.59547424316406
2016-01-08,68.46018981933594,161.79969787597656
2016-01-11,68.48445129394531,161.9598846435547
2016-01-12,68.4925308227539,163.26663208007812
2016-01-13,68.5331039428711,159.19467163085938
2016-01-14,68.54926300048828,161.80809020996094
2016-01-15,68.60596466064453,158.33474731445312
2016-01-19,68.59784698486328,158.54547119140625
2016-01-20,68.64641571044922,156.5137481689453
2016-01-21,68.6382827758789,157.39056396484375
2016-01-22,68.6140365600586,160.61949157714844
2016-01-25,68.6140365600586,158.19140625
2016-01-26,68.64641571044922,160.3496551513672
2016-01-27,68.66260528564453,158.6045684814453
2016-01-28,68.66260528564453,159.43072509765625
2016-01-29,68.7435531616211,163.31723022460938
2016-02-01,68.7071304321289,163.2582244873047
2016-02-02,68.79622650146484,160.3159637451172
2016-02-03,68.81241607666016,161.2770233154297
2016-02-04,68.8286361694336,161.53001403808594
2016-02-05,68.81241607666016,158.45278930664062
2016-02-08,68.8934326171875,156.3199005126953
2016-02-09,68.869140625,156.32826232910156
2016-02-10,68.869140625,156.19337463378906
2016-02-11,68.93392181396484,154.1615753173828
2016-02-12,68.8529281616211,157.3399658203125
2016-02-16,68.81241607666016,159.99559020996094
2016-02-17,68.8286361694336,162.60903930664062
2016-02-18,68.88532257080078,161.9430389404297
2016-02-19,68.82051849365234,161.86712646484375
2016-02-22,68.8286361694336,164.21087646484375
2016-02-23,68.83672332763672,162.136962890625
2016-02-24,68.8529281616211,162.87879943847656
2016-02-25,68.869140625,164.8516082763672
2016-02-26,68.78002166748047,164.47222900390625
2016-02-29,68.82051849365234,163.18235778808594
2016-03-01,68.72895812988281,167.01821899414062
2016-03-02,68.7208480834961,167.76856994628906
2016-03-03,68.74515533447266,168.4261474609375
2016-03-04,68.69652557373047,168.97413635253906
2016-03-07,68.64785766601562,169.10902404785156
2016-03-08,68.69652557373047,167.26275634765625
2016-03-09,68.67214965820312,168.0889129638672
2016-03-10,68.66410064697266,168.2238006591797
2016-03-11,68.5992660522461,170.93849182128906
2016-03-14,68.5992660522461,170.71920776367188
2016-03-15,68.62359619140625,170.44105529785156
2016-03-16,68.76134490966797,171.4274139404297
2016-03-17,68.75324249267578,172.51499938964844
2016-03-18,68.7694320678711,173.19297790527344
2016-03-21,68.76134490966797,173.4386444091797
2016-03-22,68.7208480834961,173.34544372558594
2016-03-23,68.76134490966797,172.20143127441406
2016-03-24,68.72895812988281,172.1251983642578
2016-03-28,68.74515533447266,172.2268524169922
2016-03-29,68.87477111816406,173.82000732421875
2016-03-30,68.8829116821289,174.58265686035156
2016-03-31,68.91535949707031,174.15895080566406
2016-04-01,68.87564086914062,175.34532165527344
2016-04-04,68.92426300048828,174.7775421142578
2016-04-05,68.9485855102539,173.03187561035156
2016-04-06,68.92426300048828,174.9215850830078
2016-04-07,68.9648208618164,172.82846069335938
2016-04-08,68.9648208618164,173.29458618164062
2016-04-11,68.95668029785156,172.8878173828125
2016-04-12,68.94049072265625,174.49798583984375
2016-04-13,68.90805053710938,176.26051330566406
2016-04-14,68.90805053710938,176.26898193359375
2016-04-15,68.95668029785156,176.07411193847656
2016-04-18,68.9485855102539,177.31129455566406
2016-04-19,68.92426300048828,177.87062072753906
2016-04-20,68.87564086914062,178.04005432128906
2016-04-21,68.85938262939453,177.08253479003906
2016-04-22,68.85938262939453,177.08253479003906
2016-04-25,68.84318542480469,176.7774200439453
2016-04-26,68.82695007324219,177.0401611328125
2016-04-27,68.87564086914062,177.4044647216797
2016-04-28,68.91615295410156,175.79446411132812
2016-04-29,68.94049072265625,174.8453369140625
2016-05-02,68.91537475585938,176.23513793945312
2016-05-03,68.98834991455078,174.7013397216797
2016-05-04,68.98023986816406,173.726806640625
2016-05-05,69.00458526611328,173.69285583496094
2016-05-06,68.98834991455078,174.32843017578125
2016-05-09,69.02083587646484,174.47247314453125
2016-05-10,69.03701782226562,176.6418914794922
2016-05-11,69.0126953125,174.98944091796875
2016-05-12,68.97213745117188,175.04025268554688
2016-05-13,68.98023986816406,173.51490783691406
2016-05-16,68.94781494140625,175.2266845703125
2016-05-17,68.92342376708984,173.59124755859375
2016-05-18,68.80174255371094,173.6420135498047
2016-05-19,68.81796264648438,173.04039001464844
2016-05-20,68.84226989746094,174.133544921875
2016-05-23,68.83419799804688,173.89627075195312
2016-05-24,68.7854995727539,176.15032958984375
2016-05-25,68.82609558105469,177.34519958496094
2016-05-26,68.86665344238281,177.39608764648438
2016-05-27,68.82609558105469,178.15870666503906
2016-05-31,68.85853576660156,177.8197784423828
2016-06-01,68.81063079833984,178.18414306640625
2016-06-02,68.86744689941406,178.72650146484375
2016-06-03,68.98111724853516,178.19259643554688
2016-06-06,68.9648666381836,179.0993194580078
2016-06-07,68.98111724853516,179.37896728515625
2016-06-08,68.99736022949219,179.96363830566406
2016-06-09,69.0136489868164,179.7179718017578
2016-06-10,69.05416870117188,178.01466369628906
2016-06-13,69.07046508789062,176.6418914794922
2016-06-14,69.07860565185547,176.29441833496094
2016-06-15,69.15974426269531,176.04867553710938
2016-06-16,69.11917114257812,176.57406616210938
2016-06-17,69.12726593017578,175.91648864746094
2016-06-20,69.0866928100586,177.0493621826172
2016-06-21,69.0379638671875,177.55189514160156
2016-06-22,69.06233215332031,177.2623748779297
2016-06-23,69.0379638671875,179.57070922851562
2016-06-24,69.20030975341797,173.12249755859375
2016-06-27,69.24095153808594,170.02191162109375
2016-06-28,69.26529693603516,173.0884246826172
2016-06-29,69.24095153808594,176.0357666015625
2016-06-30,69.27339935302734,178.4378204345703
2016-07-01,69.29781341552734,178.81259155273438
2016-07-05,69.33029174804688,177.52638244628906
2016-07-06,69.29781341552734,178.5911102294922
2016-07-07,69.26530456542969,178.48045349121094
2016-07-08,69.26530456542969,181.13807678222656
2016-07-11,69.19219207763672,181.7769317626953
2016-07-12,69.16781616210938,183.09725952148438
2016-07-13,69.1840591430664,183.07171630859375
2016-07-14,69.14347076416016,184.09393310546875
2016-07-15,69.11094665527344,183.84683227539062
2016-07-18,69.15155029296875,184.34088134765625
2016-07-19,69.15968322753906,184.15350341796875
2016-07-20,69.12718963623047,184.92015075683594
2016-07-21,69.17591857910156,184.2216339111328
2016-07-22,69.15155029296875,185.0478973388672
2016-07-25,69.10281372070312,184.54534912109375
2016-07-26,69.11094665527344,184.63055419921875
2016-07-27,69.15968322753906,184.43460083007812
2016-07-28,69.15155029296875,184.64752197265625
2016-07-29,69.24092864990234,184.94569396972656
2016-08-01,69.21736907958984,184.79237365722656
2016-08-02,69.1929702758789,183.6083526611328
2016-08-03,69.2010726928711,184.14501953125
2016-08-04,69.24986267089844,184.34088134765625
2016-08-05,69.1523208618164,185.84857177734375
2016-08-08,69.1279525756836,185.73789978027344
2016-08-09,69.16857147216797,185.84857177734375
2016-08-10,69.2010726928711,185.388671875
2016-08-11,69.1360855102539,186.24896240234375
2016-08-12,69.18486022949219,186.08709716796875
2016-08-15,69.16857147216797,186.62376403808594
2016-08-16,69.14418029785156,185.66122436523438
2016-08-17,69.14418029785156,186.01048278808594
2016-08-18,69.1929702758789,186.42784118652344
2016-08-19,69.1279525756836,186.15524291992188
2016-08-22,69.1360855102539,186.14669799804688
2016-08-23,69.14418029785156,186.5215301513672
2016-08-24,69.1279525756836,185.56752014160156
2016-08-25,69.10355377197266,185.43968200683594
2016-08-26,69.03852844238281,185.09048461914062
2016-08-29,69.07916259765625,186.0019073486328
2016-08-30,69.08728790283203,185.69528198242188
2016-08-31,69.07916259765625,185.16712951660156
2016-09-01,69.11170196533203,185.17562866210938
2016-09-02,69.11170196533203,186.01048278808594
2016-09-06,69.16050720214844,186.5727081298828
2016-09-07,69.16050720214844,186.5555877685547
2016-09-08,69.11170196533203,186.12969970703125
2016-09-09,69.08731079101562,181.6747283935547
2016-09-12,69.11170196533203,184.28126525878906
2016-09-13,69.08731079101562,181.63217163085938
2016-09-14,69.12796020507812,181.5640106201172
2016-09-15,69.18489074707031,183.37832641601562
2016-09-16,69.15237426757812,182.66944885253906
2016-09-19,69.13610076904297,182.7037353515625
2016-09-20,69.11982727050781,182.71226501464844
2016-09-21,69.13610076904297,184.76695251464844
2016-09-22,69.11982727050781,185.93128967285156
2016-09-23,69.16050720214844,184.91253662109375
2016-09-26,69.2011489868164,183.414306640625
2016-09-27,69.20929718017578,184.552978515625
2016-09-28,69.2011489868164,185.4689483642578
2016-09-29,69.22557067871094,183.7909698486328
2016-09-30,69.16862487792969,185.17788696289062
2016-10-03,69.15969848632812,184.73272705078125
2016-10-04,69.10271453857422,183.7909698486328
2016-10-05,69.06200408935547,184.60427856445312
2016-10-06,69.06200408935547,184.73272705078125
2016-10-07,69.08642578125,184.0991973876953
2016-10-10,69.05387115478516,185.05809020996094
2016-10-11,69.04573059082031,182.72088623046875
2016-10-12,69.04573059082031,182.96054077148438
2016-10-13,69.07019805908203,182.3612823486328
2016-10-14,69.05387115478516,182.4554901123047
2016-10-17,69.11083984375,181.82192993164062
2016-10-18,69.13523864746094,182.96054077148438
2016-10-19,69.13523864746094,183.44851684570312
2016-10-20,69.10271453857422,183.10609436035156
2016-10-21,69.11898803710938,183.1916961669922
2016-10-24,69.09454345703125,183.97079467773438
2016-10-25,69.09454345703125,183.3543243408203
2016-10-26,69.07019805908203,182.98626708984375
2016-10-27,69.08642578125,182.4982452392578
2016-10-28,69.08642578125,181.95887756347656
2016-10-31,69.13523864746094,181.96742248535156
2016-11-01,69.13609313964844,180.6490478515625
2016-11-02,69.17680358886719,179.56175231933594
2016-11-03,69.18494415283203,178.73989868164062
2016-11-04,69.20936584472656,178.5430145263672
2016-11-07,69.18494415283203,182.48114013671875
2016-11-08,69.11166381835938,183.3030242919922
2016-11-09,69.02204132080078,185.2464141845703
2016-11-10,68.99767303466797,185.7086944580078
2016-11-11,68.99767303466797,185.2806396484375
2016-11-14,68.89178466796875,185.42616271972656
2016-11-15,68.91620635986328,186.87306213378906
2016-11-16,68.90807342529297,186.52198791503906
2016-11-17,68.89989471435547,187.48089599609375
2016-11-18,68.85920715332031,187.06129455566406
2016-11-21,68.85105895996094,188.4739532470703
2016-11-22,68.83480072021484,188.84205627441406
2016-11-23,68.79405212402344,188.94483947753906
2016-11-25,68.78593444824219,189.64683532714844
2016-11-28,68.82661437988281,188.75648498535156
2016-11-29,68.83480072021484,189.12457275390625
2016-11-30,68.81034851074219,188.67083740234375
2016-12-01,68.77776336669922,187.97740173339844
2016-12-02,68.85108947753906,188.07159423828125
2016-12-05,68.85108947753906,189.20162963867188
2016-12-06,68.83477783203125,189.80091857910156
2016-12-07,68.8592529296875,192.28369140625
2016-12-08,68.85108947753906,192.75454711914062
2016-12-09,68.84294891357422,193.9188690185547
2016-12-12,68.81847381591797,193.69619750976562
2016-12-13,68.81034851074219,194.98899841308594
2016-12-14,68.67993927001953,193.37948608398438
2016-12-15,68.64734649658203,194.1757049560547
2016-12-16,68.67993927001953,193.79591369628906
2016-12-19,68.71253967285156,194.21786499023438
2016-12-20,68.72069549560547,194.967041015625
2016-12-21,68.75331115722656,194.42459106445312
2016-12-22,68.77043914794922,194.08868408203125
2016-12-23,68.77043914794922,194.37294006347656
2016-12-27,68.73778533935547,194.8551483154297
2016-12-28,68.76229095458984,193.24476623535156
2016-12-29,68.83570861816406,193.20172119140625
2016-12-30,68.860107421875,192.49551391601562
2017-01-03,68.80305480957031,193.96815490722656
2017-01-04,68.81935119628906,195.12210083007812
2017-01-05,68.86831665039062,194.967041015625
2017-01-06,68.81121063232422,195.6646270751953
2017-01-09,68.86831665039062,195.01876831054688
2017-01-10,68.84381103515625,195.01876831054688
2017-01-11,68.87641906738281,195.5698699951172
2017-01-12,68.90087890625,195.07904052734375
2017-01-13,68.86831665039062,195.52685546875
2017-01-17,68.91718292236328,194.83786010742188
2017-01-18,68.8519287109375,195.2685089111328
2017-01-19,68.8275375366211,194.545166015625
2017-01-20,68.86831665039062,195.25991821289062
2017-01-23,68.9334945678711,194.7517547607422
2017-01-24,68.89273834228516,196.00048828125
2017-01-25,68.87641906738281,197.6969757080078
2017-01-26,68.88459777832031,197.49029541015625
2017-01-27,68.91718292236328,197.1802978515625
2017-01-30,68.91718292236328,195.9574737548828
2017-01-31,68.9334945678711,195.94021606445312
2017-02-01,68.90986633300781,196.0177459716797
2017-02-02,68.934326171875,196.14694213867188
2017-02-03,68.90986633300781,197.49891662597656
2017-02-06,68.98326873779297,197.14581298828125
2017-02-07,68.96695709228516,197.1544647216797
2017-02-08,69.03221893310547,197.412841796875
2017-02-09,68.9751205444336,198.58401489257812
2017-02-10,68.96695709228516,199.36764526367188
2017-02-13,68.95063781738281,200.45269775390625
2017-02-14,68.90167236328125,201.2535858154297
2017-02-15,68.87724304199219,202.30419921875
2017-02-16,68.90986633300781,202.13194274902344
2017-02-17,68.95878601074219,202.4506378173828
2017-02-21,68.96695709228516,203.65623474121094
2017-02-22,68.98326873779297,203.475341796875
2017-02-23,69.01593017578125,203.61314392089844
2017-02-24,69.04853820800781,203.87152099609375
2017-02-27,68.99141693115234,204.1901397705078
2017-02-28,68.95878601074219,203.6389923095703
2017-03-01,68.90494537353516,206.4894256591797
2017-03-02,68.83143615722656,205.1890869140625
2017-03-03,68.84779357910156,205.31829833984375
2017-03-06,68.86412048339844,204.7068634033203
2017-03-07,68.83961486816406,204.09544372558594
2017-03-08,68.78243255615234,203.7164764404297
2017-03-09,68.77433013916016,203.97486877441406
2017-03-10,68.81509399414062,204.6896209716797
2017-03-13,68.78243255615234,204.79298400878906
2017-03-14,68.77433013916016,204.00929260253906
2017-03-15,68.90494537353516,205.774658203125
2017-03-16,68.85594940185547,205.3699188232422
2017-03-17,68.88860321044922,205.00930786132812
2017-03-20,68.92940521240234,204.78440856933594
2017-03-21,68.96204376220703,202.15509033203125
2017-03-22,68.97842407226562,202.63072204589844
2017-03-23,68.97842407226562,202.41453552246094
2017-03-24,68.97842407226562,202.26751708984375
2017-03-27,69.0029067993164,202.0598907470703
2017-03-28,68.97022247314453,203.53028869628906
2017-03-29,69.0110855102539,203.72056579589844
2017-03-30,68.99468994140625,204.3692169189453
2017-03-31,69.0029067993164,203.89356994628906
2017-04-03,69.06664276123047,203.53890991210938
2017-04-04,69.04212188720703,203.6686553955078
2017-04-05,69.04212188720703,203.06320190429688
2017-04-06,69.05842590332031,203.6340789794922
2017-04-07,68.96859741210938,203.4264678955078
2017-04-10,69.00128936767578,203.54757690429688
2017-04-11,69.06664276123047,203.30538940429688
2017-04-12,69.11561584472656,202.41453552246094
2017-04-13,69.14830780029297,201.099853515625
2017-04-17,69.14013671875,202.88162231445312
2017-04-18,69.19731140136719,202.27621459960938
2017-04-19,69.1646728515625,201.9042205810547
2017-04-20,69.15652465820312,203.54757690429688
2017-04-21,69.18916320800781,202.8988800048828
2017-04-24,69.11561584472656,205.13038635253906
2017-04-25,69.05026245117188,206.3238983154297
2017-04-26,69.07482147216797,206.19419860839844
2017-04-27,69.09932708740234,206.36720275878906
2017-04-28,69.1319808959961,205.9174346923828
2017-05-01,69.08456420898438,206.4363555908203
2017-05-02,69.10906219482422,206.5142059326172
2017-05-03,69.06001281738281,206.26336669921875
2017-05-04,69.05186462402344,206.50555419921875
2017-05-05,69.07637023925781,207.31854248046875
2017-05-08,69.04370880126953,207.2839813232422
2017-05-09,69.01102447509766,207.0936737060547
2017-05-10,69.02731323242188,207.46559143066406
2017-05-11,69.03548431396484,207.0418243408203
2017-05-12,69.11726379394531,206.69578552246094
2017-05-15,69.10906219482422,207.83749389648438
2017-05-16,69.10906219482422,207.64727783203125
2017-05-17,69.18270111083984,203.96273803710938
2017-05-18,69.14995574951172,204.78440856933594
2017-05-19,69.16630554199219,206.1163330078125
2017-05-22,69.14177703857422,207.1629180908203
2017-05-23,69.11726379394531,207.6212921142578
2017-05-24,69.15814971923828,208.10565185546875
2017-05-25,69.15814971923828,209.1002960205078
2017-05-26,69.14995574951172,209.05703735351562
2017-05-30,69.1744384765625,208.87538146972656
2017-05-31,69.18270111083984,208.82350158691406
2017-06-01,69.16954803466797,210.48410034179688
2017-06-02,69.21868133544922,211.18470764160156
2017-06-05,69.16138458251953,211.02902221679688
2017-06-06,69.18594360351562,210.3544158935547
2017-06-07,69.16138458251953,210.74363708496094
2017-06-08,69.14506530761719,210.84738159179688
2017-06-09,69.12047576904297,210.52731323242188
2017-06-12,69.1122817993164,210.48410034179688
2017-06-13,69.1122817993164,211.51341247558594
2017-06-14,69.14506530761719,211.24530029296875
2017-06-15,69.12047576904297,210.83876037597656
2017-06-16,69.15325927734375,210.88485717773438
2017-06-19,69.1122817993164,212.64047241210938
2017-06-20,69.12047576904297,211.20635986328125
2017-06-21,69.128662109375,211.1542205810547
2017-06-22,69.13685607910156,211.05865478515625
2017-06-23,69.17774963378906,211.3107147216797
2017-06-26,69.17774963378906,211.44972229003906
2017-06-27,69.13685607910156,209.74620056152344
2017-06-28,69.16954803466797,211.6235809326172
2017-06-29,69.128662109375,209.76365661621094
2017-06-30,69.128662109375,210.15478515625
2017-07-03,69.07708740234375,210.5110321044922
2017-07-05,69.10167694091797,210.99783325195312
2017-07-06,69.1180419921875,209.06832885742188
2017-07-07,69.10982513427734,210.42417907714844
2017-07-10,69.14259338378906,210.6501922607422
2017-07-11,69.16715240478516,210.49368286132812
2017-07-12,69.19990539550781,212.07553100585938
2017-07-13,69.16715240478516,212.43185424804688
2017-07-14,69.19990539550781,213.4226531982422
2017-07-17,69.20809936523438,213.3966064453125
2017-07-18,69.2244644165039,213.5095672607422
2017-07-19,69.2244644165039,214.66552734375
2017-07-20,69.2244644165039,214.76112365722656
2017-07-21,69.25721740722656,214.56991577148438
2017-07-24,69.23261260986328,214.51779174804688
2017-07-25,69.19171142578125,215.0392303466797
2017-07-26,69.24085235595703,215.04791259765625
2017-07-27,69.2244644165039,214.84803771972656
2017-07-28,69.26542663574219,214.59597778320312
2017-07-31,69.25721740722656,214.4743194580078
2017-08-01,69.2825927734375,214.9522705078125
2017-08-02,69.24983215332031,215.05662536621094
2017-08-03,69.27442169189453,214.6394500732422
2017-08-04,69.24983215332031,215.0305633544922
2017-08-07,69.27442169189453,215.4303741455078
2017-08-08,69.27442169189453,214.90016174316406
2017-08-09,69.26625061035156,214.8914337158203
2017-08-10,69.29080200195312,211.85821533203125
2017-08-11,69.38094329833984,212.17111206054688
2017-08-14,69.3236083984375,214.27435302734375
2017-08-15,69.29080200195312,214.24830627441406
2017-08-16,69.33177185058594,214.6220703125
2017-08-17,69.34815979003906,211.2759246826172
2017-08-18,69.33998107910156,210.9456787109375
2017-08-21,69.35639953613281,211.11080932617188
2017-08-22,69.34815979003906,213.318359375
2017-08-23,69.41374969482422,212.553466796875
2017-08-24,69.34815979003906,212.05812072753906
2017-08-25,69.37276458740234,212.553466796875
2017-08-28,69.34815979003906,212.56227111816406
2017-08-29,69.38094329833984,212.80557250976562
2017-08-30,69.39736938476562,213.8137969970703
2017-08-31,69.39736938476562,215.10006713867188
2017-09-01,69.38260650634766,215.40420532226562
2017-09-05,69.44820404052734,213.8572235107422
2017-09-06,69.43997192382812,214.58724975585938
2017-09-07,69.48104858398438,214.5611572265625
2017-09-08,69.4646224975586,214.30917358398438
2017-09-11,69.39901733398438,216.59498596191406
2017-09-12,69.36620330810547,217.3250274658203
2017-09-13,69.34976959228516,217.4293670654297
2017-09-14,69.35800170898438,217.35977172851562
2017-09-15,69.34976959228516,217.6524658203125
2017-09-18,69.30876922607422,218.11534118652344
2017-09-19,69.31700134277344,218.33370971679688
2017-09-20,69.25960540771484,218.41233825683594
2017-09-21,69.2431640625,217.8271026611328
2017-09-22,69.25960540771484,217.87078857421875
2017-09-25,69.30059051513672,217.42530822753906
2017-09-26,69.28416442871094,217.55630493164062
2017-09-27,69.27598571777344,218.403564453125
2017-09-28,69.28416442871094,218.6656036376953
2017-09-29,69.26776123046875,219.4342498779297
2017-10-02,69.31951904296875,220.38629150390625
2017-10-03,69.27845001220703,220.85794067382812
2017-10-04,69.40975189208984,221.1199951171875
2017-10-05,69.26200866699219,222.4301300048828
2017-10-06,69.23741149902344,222.1768035888672
2017-10-09,69.23741149902344,221.8100128173828
2017-10-10,69.25385284423828,222.39523315429688
2017-10-11,69.24561309814453,222.74456787109375
2017-10-12,69.23741149902344,222.4126739501953
2017-10-13,69.27845001220703,222.68341064453125
2017-10-16,69.21277618408203,222.98040771484375
2017-10-17,69.22098541259766,223.1376190185547
2017-10-18,69.1963119506836,223.35595703125
2017-10-19,69.23741149902344,223.4171142578125
2017-10-20,69.1963119506836,224.57000732421875
2017-10-23,69.1963119506836,223.6966094970703
2017-10-24,69.17993927001953,224.0896759033203
2017-10-25,69.16351318359375,222.98040771484375
2017-10-26,69.16351318359375,223.26858520507812
2017-10-27,69.21277618408203,225.09410095214844
2017-10-30,69.24561309814453,224.255615234375
2017-10-31,69.20454406738281,224.60501098632812
2017-11-01,69.1946792602539,224.9019775390625
2017-11-02,69.21110534667969,224.9893035888672
2017-11-03,69.17003631591797,225.7404327392578
2017-11-06,69.21110534667969,226.08981323242188
2017-11-07,69.17827606201172,225.9326171875
2017-11-08,69.17003631591797,226.31695556640625
2017-11-09,69.16181182861328,225.49591064453125
2017-11-10,69.1371841430664,225.42604064941406
2017-11-13,69.12897491455078,225.63571166992188
2017-11-14,69.14539337158203,225.1116180419922
2017-11-15,69.12071228027344,223.98484802246094
2017-11-16,69.12897491455078,225.88894653320312
2017-11-17,69.08785247802734,225.22511291503906
2017-11-20,69.063232421875,225.60948181152344
2017-11-21,69.04680633544922,227.08554077148438
2017-11-22,69.1042709350586,226.88473510742188
2017-11-24,69.1042709350586,227.40870666503906
2017-11-27,69.1042709350586,227.295166015625
2017-11-28,69.11248779296875,229.60108947753906
2017-11-29,69.09607696533203,229.4612579345703
2017-11-30,69.05498504638672,231.47024536132812
2017-12-01,69.07062530517578,230.98980712890625
2017-12-04,69.02948760986328,230.7103271484375
2017-12-05,69.02131652832031,229.88055419921875
2017-12-06,69.05419921875,229.92425537109375
2017-12-07,69.06238555908203,230.64920043945312
2017-12-08,69.06238555908203,231.906982421875
2017-12-11,69.02948760986328,232.60574340820312
2017-12-12,69.02948760986328,233.01622009277344
2017-12-13,69.10352325439453,232.99005126953125
2017-12-14,69.0788345336914,232.03797912597656
2017-12-15,69.0459213256836,233.97021484375
2017-12-18,69.0459213256836,235.4539337158203
2017-12-19,69.0130615234375,234.54969787597656
2017-12-20,69.02131652832031,234.42672729492188
2017-12-21,69.016357421875,234.90953063964844
2017-12-22,68.99163055419922,234.8480987548828
2017-12-26,68.98340606689453,234.5672149658203
2017-12-27,69.016357421875,234.68133544921875
2017-12-28,69.0245590209961,235.16421508789062
2017-12-29,69.04108428955078,234.27752685546875
2018-01-02,69.016357421875,235.95425415039062
2018-01-03,69.016357421875,237.44677734375
2018-01-04,68.98340606689453,238.447509765625
2018-01-05,68.98340606689453,240.03656005859375
2018-01-08,68.98340606689453,240.47557067871094
2018-01-09,68.95868682861328,241.0198211669922
2018-01-10,68.98340606689453,240.6510772705078
2018-01-11,68.95868682861328,242.4069061279297
2018-01-12,68.95047760009766,243.9871063232422
2018-01-16,68.94221496582031,243.15313720703125
2018-01-17,68.91753387451172,245.47073364257812
2018-01-18,68.90103149414062,245.0581512451172
2018-01-19,68.92581176757812,246.17306518554688
2018-01-22,68.89281463623047,248.17474365234375
2018-01-23,68.93396759033203,248.7014923095703
2018-01-24,68.91753387451172,248.60487365722656
2018-01-25,68.90103149414062,248.7102508544922
2018-01-26,68.85987091064453,251.58975219726562
2018-01-29,68.83519744873047,249.92178344726562
2018-01-30,68.84341430664062,247.35826110839844
2018-01-31,68.84341430664062,247.48118591308594
2018-02-01,68.81537628173828,247.20018005371094
2018-02-02,68.82363891601562,241.8187255859375
2018-02-05,68.9472885131836,231.7052001953125
2018-02-06,68.89781188964844,236.2703094482422
2018-02-07,68.8483657836914,234.9886016845703
2018-02-08,68.85662078857422,226.17440795898438
2018-02-09,68.91429901123047,229.5719757080078
2018-02-12,68.88135528564453,232.9430694580078
2018-02-13,68.88135528564453,233.52247619628906
2018-02-14,68.78241729736328,236.67420959472656
2018-02-15,68.75768280029297,239.6941375732422
2018-02-16,68.77417755126953,239.7643585205078
2018-02-20,68.76593780517578,238.26319885253906
2018-02-21,68.77417755126953,237.0780487060547
2018-02-22,68.78241729736328,237.38534545898438
2018-02-23,68.79895782470703,241.16900634765625
2018-02-26,68.80716705322266,243.96958923339844
2018-02-27,68.75768280029297,240.9232635498047
2018-02-28,68.77417755126953,238.482666015625
2018-03-01,68.86991119384766,235.01490783691406
2018-03-02,68.83692932128906,236.2264404296875
2018-03-05,68.83692932128906,238.9567108154297
2018-03-06,68.82041931152344,239.56246948242188
2018-03-07,68.82041931152344,239.4746856689453
2018-03-08,68.83692932128906,240.63351440429688
2018-03-09,68.80387878417969,244.8211212158203
2018-03-12,68.83692932128906,244.5138702392578
2018-03-13,68.8534164428711,242.9336700439453
2018-03-14,68.84514617919922,241.68698120117188
2018-03-15,68.8534164428711,241.4236602783203
2018-03-16,68.82041931152344,241.6854248046875
2018-03-19,68.82041931152344,238.41537475585938
2018-03-20,68.79561614990234,238.82080078125
2018-03-21,68.84514617919922,238.36241149902344
2018-03-22,68.87815856933594,232.404052734375
2018-03-23,68.89463806152344,227.4504852294922
2018-03-26,68.86164855957031,233.67324829101562
2018-03-27,68.9111557006836,229.69808959960938
2018-03-28,68.91942596435547,229.01942443847656
2018-03-29,68.94415283203125,231.94573974609375
2018-04-02,68.96398162841797,226.9392852783203
2018-04-03,68.93095397949219,229.8479461669922
2018-04-04,68.88965606689453,232.30711364746094
2018-04-05,68.90617370605469,234.14047241210938
2018-04-06,68.96398162841797,228.92247009277344
2018-04-09,68.95572662353516,230.05064392089844
2018-04-10,68.92268371582031,233.7085418701172
2018-04-11,68.92268371582031,232.48341369628906
2018-04-12,68.88137817382812,234.39610290527344
2018-04-13,68.86486053466797,233.7085418701172
2018-04-16,68.8565902709961,235.62998962402344
2018-04-17,68.8565902709961,238.1509246826172
2018-04-18,68.79875946044922,238.3272247314453
2018-04-19,68.79875946044922,237.005126953125
2018-04-20,68.77397918701172,234.9954376220703
2018-04-23,68.76573944091797,234.96018981933594
2018-04-24,68.78225708007812,231.7959442138672
2018-04-25,68.77397918701172,232.3688201904297
2018-04-26,68.79052734375,234.73101806640625
2018-04-27,68.8070297241211,234.95138549804688
2018-04-30,68.78225708007812,233.14456176757812
2018-05-01,68.75166320800781,233.55877685546875
2018-05-02,68.7764663696289,231.98985290527344
2018-05-03,68.82606506347656,231.47860717773438
2018-05-04,68.80122375488281,234.475341796875
2018-05-07,68.80122375488281,235.2687530517578
2018-05-08,68.8095474243164,235.2687530517578
2018-05-09,68.7764663696289,237.54273986816406
2018-05-10,68.7764663696289,239.76385498046875
2018-05-11,68.7764663696289,240.4954833984375
2018-05-14,68.7764663696289,240.6100616455078
2018-05-15,68.735107421875,238.95301818847656
2018-05-16,68.735107421875,239.95777893066406
2018-05-17,68.75166320800781,239.75509643554688
2018-05-18,68.78474426269531,239.15574645996094
2018-05-21,68.78474426269531,240.95384216308594
2018-05-22,68.78474426269531,240.2839813232422
2018-05-23,68.84259033203125,240.9449920654297
2018-05-24,68.88396453857422,240.45143127441406
2018-05-25,68.94183349609375,239.87847900390625
2018-05-29,69.14036560058594,237.11968994140625
2018-05-30,69.05764770507812,240.2839813232422
2018-05-31,69.02457427978516,238.8119659423828
2018-06-01,68.97154998779297,241.15655517578125
2018-06-04,68.91360473632812,242.3024139404297
2018-06-05,68.95500183105469,242.47869873046875
2018-06-06,68.93016052246094,244.50604248046875
2018-06-07,68.99642181396484,244.4795379638672
2018-06-08,68.9798583984375,245.20236206054688
2018-06-11,68.95500183105469,245.5283966064453
2018-06-12,68.92190551757812,245.84571838378906
2018-06-13,68.8886947631836,245.0612335205078
2018-06-14,68.91360473632812,245.67832946777344
2018-06-15,68.94668579101562,245.36485290527344
2018-06-18,68.96326446533203,244.86019897460938
2018-06-19,68.9881362915039,243.9216766357422
2018-06-20,68.95500183105469,244.33778381347656
2018-06-21,68.99642181396484,242.80604553222656
2018-06-22,69.00464630126953,243.24879455566406
2018-06-25,69.02951049804688,239.93748474121094
2018-06-26,69.02951049804688,240.46873474121094
2018-06-27,69.0709457397461,238.47659301757812
2018-06-28,69.0709457397461,239.840087890625
2018-06-29,69.05436706542969,240.18536376953125
2018-07-02,69.04610443115234,240.69894409179688
2018-07-03,69.07096099853516,239.848876953125
2018-07-05,69.06268310546875,241.8055877685547
2018-07-06,69.07928466796875,243.85084533691406
2018-07-09,69.03781127929688,246.0465545654297
2018-07-10,69.02952575683594,246.9319305419922
2018-07-11,69.05437469482422,245.12574768066406
2018-07-12,69.04610443115234,247.3480987548828
2018-07-13,69.06268310546875,247.5428924560547
2018-07-16,69.04610443115234,247.32154846191406
2018-07-17,69.03781127929688,248.32196044921875
2018-07-18,69.02952575683594,248.8443603515625
2018-07-19,69.06268310546875,247.90582275390625
2018-07-20,69.06268310546875,247.62249755859375
2018-07-23,69.02124786376953,248.08290100097656
2018-07-24,69.02952575683594,249.33139038085938
2018-07-25,69.00460052490234,251.4562530517578
2018-07-26,69.00460052490234,250.86294555664062
2018-07-27,69.01290130615234,249.1632080078125
2018-07-30,69.01290130615234,247.8616180419922
2018-07-31,69.01290130615234,249.0834197998047
2018-08-01,69.01956176757812,248.66722106933594
2018-08-02,69.06111907958984,250.02194213867188
2018-08-03,69.06944274902344,251.09323120117188
2018-08-06,69.0860824584961,252.0140838623047
2018-08-07,69.06111907958984,252.84622192382812
2018-08-08,69.06944274902344,252.74002075195312
2018-08-09,69.11091613769531,252.3947296142578
2018-08-10,69.17745208740234,250.7036590576172
2018-08-13,69.16084289550781,249.76516723632812
2018-08-14,69.16084289550781,251.35885620117188
2018-08-15,69.1940689086914,249.4818115234375
2018-08-16,69.17745208740234,251.50054931640625
2018-08-17,69.20238494873047,252.38589477539062
2018-08-20,69.24388885498047,252.9259796142578
2018-08-21,69.2273178100586,253.51913452148438
2018-08-22,69.24388885498047,253.36871337890625
2018-08-23,69.23560333251953,253.03225708007812
2018-08-24,69.24388885498047,254.55503845214844
2018-08-27,69.21898651123047,256.5648193359375
2018-08-28,69.1940689086914,256.6888122558594
2018-08-29,69.18576049804688,258.07000732421875
2018-08-30,69.23560333251953,257.0252380371094
2018-08-31,69.25224304199219,257.03411865234375
2018-09-04,69.23641967773438,256.59149169921875
2018-09-05,69.23641967773438,255.9008026123047
2018-09-06,69.26138305664062,255.13050842285156
2018-09-07,69.18647003173828,254.63473510742188
2018-09-10,69.19483947753906,255.0774383544922
2018-09-11,69.15319061279297,255.91851806640625
2018-09-12,69.15319061279297,255.98056030273438
2018-09-13,69.16150665283203,257.4944763183594
2018-09-14,69.13655090332031,257.53887939453125
2018-09-17,69.11991882324219,256.17529296875
2018-09-18,69.11156463623047,257.5653076171875
2018-09-19,69.09495544433594,257.83984375
2018-09-20,69.11991882324219,259.9292297363281
2018-09-21,69.10322570800781,259.69183349609375
2018-09-24,69.10322570800781,258.8291320800781
2018-09-25,69.11156463623047,258.5889587402344
2018-09-26,69.11991882324219,257.8151550292969
2018-09-27,69.11991882324219,258.53564453125
2018-09-28,69.15319061279297,258.5623474121094
2018-10-01,69.134033203125,259.46063232421875
2018-10-02,69.15901947021484,259.309326171875
2018-10-03,69.12566375732422,259.4517517089844
2018-10-04,69.10904693603516,257.4239501953125
2018-10-05,69.10070037841797,255.9830780029297
2018-10-08,69.08405303955078,255.9830780029297
2018-10-09,69.10904693603516,255.6095428466797
2018-10-10,69.12566375732422,247.51620483398438
2018-10-11,69.15068817138672,242.064208984375
2018-10-12,69.15068817138672,245.4260711669922
2018-10-15,69.17571258544922,244.0475311279297
2018-10-16,69.15068817138672,249.38385009765625
2018-10-17,69.15068817138672,249.42832946777344
2018-10-18,69.1923828125,245.8262939453125
2018-10-19,69.15068817138672,245.69296264648438
2018-10-22,69.134033203125,244.59002685546875
2018-10-23,69.17571258544922,243.34495544433594
2018-10-24,69.2840805053711,235.97193908691406
2018-10-25,69.25907897949219,240.20538330078125
2018-10-26,69.30074310302734,235.98074340820312
2018-10-29,69.32577514648438,234.67340087890625
2018-10-30,69.29243469238281,238.15089416503906
2018-10-31,69.25907897949219,240.69454956054688
2018-11-01,69.2975082397461,243.25595092773438
2018-11-02,69.21400451660156,241.8151397705078
2018-11-05,69.23902130126953,243.1492156982422
2018-11-06,69.22235107421875,244.68783569335938
2018-11-07,69.19730377197266,249.92626953125
2018-11-08,69.18891143798828,249.47279357910156
2018-11-09,69.22235107421875,247.03590393066406
2018-11-12,69.27242279052734,242.42002868652344
2018-11-13,69.2807846069336,241.96630859375
2018-11-14,69.33092498779297,240.3121795654297
2018-11-15,69.36431121826172,242.8201904296875
2018-11-16,69.41438293457031,243.45167541503906
2018-11-19,69.47284698486328,239.33377075195312
2018-11-20,69.45610046386719,234.9046173095703
2018-11-21,69.45610046386719,235.70506286621094
2018-11-23,69.43946838378906,234.13088989257812
2018-11-26,69.44779968261719,237.91082763671875
2018-11-27,69.45610046386719,238.71115112304688
2018-11-28,69.48123168945312,244.20767211914062
2018-11-29,69.49790954589844,243.67398071289062
2018-11-30,69.52299499511719,245.1592559814453
2018-12-03,69.4660873413086,248.40548706054688
2018-12-04,69.51628875732422,240.35659790039062
2018-12-06,69.58322143554688,239.99192810058594
2018-12-07,69.65849304199219,234.41546630859375
2018-12-10,69.65849304199219,234.86016845703125
2018-12-11,69.59154510498047,234.91348266601562
2018-12-12,69.58322143554688,236.09646606445312
2018-12-13,69.65010833740234,236.01634216308594
2018-12-14,69.69195556640625,231.65838623046875
2018-12-17,69.75885772705078,227.1135711669922
2018-12-18,69.7999267578125,226.8645782470703
2018-12-19,69.81668853759766,223.4671630859375
2018-12-20,69.80833435058594,219.82955932617188
2018-12-21,69.85853576660156,215.32534790039062
2018-12-24,69.9172134399414,209.63584899902344
2018-12-26,69.85020446777344,220.2275848388672
2018-12-27,69.92559051513672,221.9184112548828
2018-12-28,70.02609252929688,221.6321258544922
2018-12-31,70.05121612548828,223.57339477539062
2019-01-02,70.05958557128906,223.80596923828125
2019-01-03,70.20201873779297,218.46533203125
2019-01-04,70.05121612548828,225.7830047607422
2019-01-07,70.00100708007812,227.56320190429688
2019-01-08,69.95909118652344,229.70127868652344
2019-01-09,69.99260711669922,230.77471923828125
2019-01-10,70.00100708007812,231.5888214111328
2019-01-11,70.04286193847656,231.6782684326172
2019-01-14,70.04286193847656,230.26486206054688
2019-01-15,70.06802368164062,232.9038543701172
2019-01-16,70.05121612548828,233.46742248535156
2019-01-17,70.04286193847656,235.2386474609375
2019-01-18,69.9842529296875,238.3697509765625
2019-01-22,70.04286193847656,235.14920043945312
2019-01-23,70.02609252929688,235.64129638671875
2019-01-24,70.08473205566406,235.76646423339844
2019-01-25,70.03445434570312,237.7614288330078
2019-01-28,70.04286193847656,235.954345703125
2019-01-29,70.0763931274414,235.64129638671875
2019-01-30,70.16854095458984,239.37158203125
2019-01-31,70.2271728515625,241.47389221191406
2019-02-01,70.14491271972656,241.59027099609375
2019-02-04,70.14491271972656,243.28982543945312
2019-02-05,70.14491271972656,244.30972290039062
2019-02-06,70.17847442626953,243.98765563964844
2019-02-07,70.2288589477539,241.66180419921875
2019-02-08,70.25402069091797,241.95703125
2019-02-11,70.2288589477539,242.0911407470703
2019-02-12,70.22044372558594,245.20431518554688
2019-02-13,70.17011260986328,246.0005340576172
2019-02-14,70.26239776611328,245.4547882080078
2019-02-15,70.2288589477539,248.12957763671875
2019-02-19,70.27923583984375,248.55889892578125
2019-02-20,70.27079010009766,249.0599365234375
2019-02-21,70.24565887451172,248.1743621826172
2019-02-22,70.2960205078125,249.7129669189453
2019-02-25,70.28760528564453,250.052978515625
2019-02-26,70.3211898803711,249.87399291992188
2019-02-27,70.3043441772461,249.76670837402344
2019-02-28,70.28760528564453,249.3014373779297
2019-03-01,70.24055480957031,250.8581085205078
2019-03-04,70.25733184814453,249.9455108642578
2019-03-05,70.2657470703125,249.60568237304688
2019-03-06,70.316162109375,248.0938262939453
2019-03-07,70.37505340576172,246.01837158203125
2019-03-08,70.4002685546875,245.5263671875
2019-03-11,70.38345336914062,249.0867462158203
2019-03-12,70.40868377685547,250.0260467529297
2019-03-13,70.41709899902344,251.6811065673828
2019-03-14,70.43387603759766,251.51998901367188
2019-03-15,70.45909881591797,252.76272583007812
2019-03-18,70.44227600097656,253.67916870117188
2019-03-19,70.43387603759766,253.74205017089844
2019-03-20,70.53478240966797,252.97830200195312
2019-03-21,70.53478240966797,255.83563232421875
2019-03-22,70.65247344970703,250.91168212890625
2019-03-25,70.7281494140625,250.7230682373047
2019-03-26,70.71975708007812,252.59201049804688
2019-03-27,70.77861785888672,251.2711944580078
2019-03-28,70.77017974853516,252.2235565185547
2019-03-29,70.7281494140625,253.8139190673828
2019-04-01,70.65571594238281,256.8240661621094
2019-04-02,70.68939208984375,256.9497985839844
2019-04-03,70.65571594238281,257.3541259765625
2019-04-04,70.67256164550781,258.03704833984375
2019-04-05,70.66414642333984,259.28594970703125
2019-04-08,70.64730072021484,259.4836120605469
2019-04-09,70.65571594238281,258.15374755859375
2019-04-10,70.71466064453125,259.0343933105469
2019-04-11,70.67256164550781,258.9625549316406
2019-04-12,70.63045501708984,260.71453857421875
2019-04-15,70.63886260986328,260.5439147949219
2019-04-16,70.63045501708984,260.71453857421875
2019-04-17,70.65571594238281,260.07672119140625
2019-04-18,70.67256164550781,260.5887756347656
2019-04-22,70.6810073852539,260.8135070800781
2019-04-23,70.71466064453125,263.1584777832031
2019-04-24,70.75679779052734,262.57452392578125
2019-04-25,70.75679779052734,262.41278076171875
2019-04-26,70.8326416015625,263.6347961425781
2019-04-29,70.80734252929688,264.048095703125
2019-04-30,70.85786437988281,264.182861328125
2019-05-01,70.79546356201172,262.1972351074219
2019-05-02,70.76171112060547,261.63116455078125
2019-05-03,70.78702545166016,264.1918029785156
2019-05-06,70.82920837402344,263.1046142578125
2019-05-07,70.86294555664062,258.7108459472656
2019-05-08,70.85449981689453,258.3514404296875
2019-05-09,70.896728515625,257.56976318359375
2019-05-10,70.91361999511719,258.8636169433594
2019-05-13,70.99803161621094,252.35833740234375
2019-05-14,70.99803161621094,254.64059448242188
2019-05-15,71.04863739013672,256.132080078125
2019-05-16,71.00643157958984,258.5042419433594
2019-05-17,71.0233383178711,256.8330078125
2019-05-20,70.98954772949219,255.13475036621094
2019-05-21,70.955810546875,257.43499755859375
2019-05-22,70.98954772949219,256.6443176269531
2019-05-23,71.11620330810547,253.50848388671875
2019-05-24,71.09085083007812,254.08351135253906
2019-05-28,71.14993286132812,251.72039794921875
2019-05-29,71.15836334228516,250.0311737060547
2019-05-30,71.21745300292969,250.71408081054688
2019-05-31,71.36935424804688,247.3355712890625
2019-06-03,71.50386047363281,246.70669555664062
2019-06-04,71.45310974121094,252.0619354248047
2019-06-05,71.4869155883789,254.2452850341797
2019-06-06,71.44464874267578,255.89842224121094
2019-06-07,71.52074432373047,258.45928955078125
2019-06-10,71.45310974121094,259.6454162597656
2019-06-11,71.42772674560547,259.5825500488281
2019-06-12,71.4869155883789,259.12420654296875
2019-06-13,71.56304168701172,260.1935119628906
2019-06-14,71.53764343261719,259.9059143066406
2019-06-17,71.50386047363281,260.0047607421875
2019-06-18,71.51228332519531,262.727294921875
2019-06-19,71.66453552246094,263.32037353515625
2019-06-20,71.69833374023438,265.8360900878906
2019-06-21,71.66453552246094,265.44976806640625
2019-06-24,71.70681762695312,265.1247253417969
2019-06-25,71.72371673583984,262.52447509765625
2019-06-26,71.63910675048828,262.2625732421875
2019-06-27,71.69833374023438,263.1925354003906
2019-06-28,71.69833374023438,264.54681396484375
2019-07-01,71.6526107788086,266.94854736328125
2019-07-02,71.6949691772461,267.643798828125
2019-07-03,71.71186828613281,269.7835388183594
2019-07-05,71.56787872314453,269.47662353515625
2019-07-08,71.53401947021484,267.9959411621094
2019-07-09,71.508544921875,268.3299865722656
2019-07-10,71.6356430053711,269.6120300292969
2019-07-11,71.60179138183594,270.2440490722656
2019-07-12,71.61021423339844,271.4540100097656
2019-07-15,71.62718963623047,271.5442199707031
2019-07-16,71.60179138183594,270.66845703125
2019-07-17,71.6695327758789,268.8265075683594
2019-07-18,71.7542953491211,269.81060791015625
2019-07-19,71.67798614501953,268.3119201660156
2019-07-22,71.68647003173828,268.9710388183594
2019-07-23,71.6695327758789,270.8941650390625
2019-07-24,71.68647003173828,272.167236328125
2019-07-25,71.64410400390625,270.86712646484375
2019-07-26,71.6526107788086,272.6818542480469
2019-07-29,71.6526107788086,272.1852111816406
2019-07-30,71.66108703613281,271.51715087890625
2019-07-31,71.6526107788086,268.54656982421875
2019-08-01,71.85629272460938,266.2080993652344
2019-08-02,71.87325286865234,264.2037048339844
2019-08-05,72.01753997802734,256.2583923339844
2019-08-06,72.05150604248047,259.85174560546875
2019-08-07,72.05998229980469,260.0053405761719
2019-08-08,72.03450775146484,265.106689453125
2019-08-09,71.99209594726562,263.30078125
2019-08-12,72.0684585571289,260.0955505371094
2019-08-13,71.9836196899414,264.1405334472656
2019-08-14,72.07695770263672,256.3304748535156
2019-08-15,72.22976684570312,257.0076599121094
2019-08-16,72.22126007080078,260.7998046875
2019-08-19,72.1448745727539,263.94195556640625
2019-08-20,72.19579315185547,261.9193420410156
2019-08-21,72.1279296875,264.05023193359375
2019-08-22,72.09394836425781,263.9689636230469
2019-08-23,72.21278381347656,257.1882629394531
2019-08-26,72.17881774902344,260.0323486328125
2019-08-27,72.20428466796875,259.0121765136719
2019-08-28,72.22126007080078,260.8359680175781
2019-08-29,72.18730926513672,264.1676330566406
2019-08-30,72.21278381347656,264.05023193359375
2019-09-03,72.26889038085938,262.50634765625
2019-09-04,72.32840728759766,265.4858703613281
2019-09-05,72.16687774658203,268.8988342285156
2019-09-06,72.17535400390625,269.10650634765625
2019-09-09,72.09886169433594,269.2418212890625
2019-09-10,71.97982025146484,269.1786804199219
2019-09-11,71.97982025146484,271.0927734375
2019-09-12,71.96281433105469,272.03173828125
2019-09-13,71.84380340576172,271.8512268066406
2019-09-16,71.9033203125,271.0115966796875
2019-09-17,71.93733215332031,271.69781494140625
2019-09-18,71.8947982788086,271.86029052734375
2019-09-19,71.9033203125,271.8421630859375
2019-09-20,71.97982025146484,270.5578918457031
2019-09-23,72.0223159790039,270.4942932128906
2019-09-24,72.09886169433594,268.37176513671875
2019-09-25,72.0053482055664,269.959228515625
2019-09-26,72.03931427001953,269.39678955078125
2019-09-27,72.08186340332031,267.94537353515625
2019-09-30,72.1158676147461,269.18798828125
2019-10-01,72.19674682617188,265.9862060546875
2019-10-02,72.27339172363281,261.28765869140625
2019-10-03,72.42668151855469,263.4282531738281
2019-10-04,72.41814422607422,266.9930114746094
2019-10-07,72.34154510498047,265.84112548828125
2019-10-08,72.38409423828125,261.7139587402344
2019-10-09,72.34154510498047,264.19927978515625
2019-10-10,72.2563705444336,265.9862060546875
2019-10-11,72.188232421875,268.74371337890625
2019-10-14,72.19674682617188,268.44427490234375
2019-10-15,72.17974090576172,271.1020202636719
2019-10-16,72.21381378173828,270.6665954589844
2019-10-17,72.21381378173828,271.4648132324219
2019-10-18,72.23929595947266,270.27667236328125
2019-10-21,72.20524597167969,272.1087951660156
2019-10-22,72.23082733154297,271.2199401855469
2019-10-23,72.22228240966797,272.00909423828125
2019-10-24,72.22228240966797,272.4534912109375
2019-10-25,72.17974090576172,273.5692443847656
2019-10-28,72.1541519165039,275.1112365722656
2019-10-29,72.17122650146484,275.0295715332031
2019-10-30,72.21381378173828,275.8731384277344
2019-10-31,72.34154510498047,275.138427734375
2019-11-01,72.29890441894531,277.687255859375
2019-11-04,72.2476577758789,278.802978515625
2019-11-05,72.19648742675781,278.4945068359375
2019-11-06,72.23916625976562,278.55810546875
2019-11-07,72.15387725830078,279.5377502441406
2019-11-08,72.16239166259766,280.22711181640625
2019-11-11,72.1794662475586,279.69183349609375
2019-11-12,72.18798065185547,280.2814636230469
2019-11-13,72.22206115722656,280.3721923828125
2019-11-14,72.29035949707031,280.7803649902344
2019-11-15,72.26476287841797,282.8121337890625
2019-11-18,72.29890441894531,283.0208435058594
2019-11-19,72.29035949707031,282.9391174316406
2019-11-20,72.32445526123047,281.88702392578125
2019-11-21,72.29035949707031,281.43341064453125
2019-11-22,72.28184509277344,282.05926513671875
2019-11-25,72.29035949707031,284.2453308105469
2019-11-26,72.32445526123047,284.88922119140625
2019-11-27,72.28184509277344,286.1591796875
2019-11-29,72.30740356445312,285.0979919433594
2019-12-02,72.28517150878906,282.6761779785156
2019-12-03,72.3876953125,280.7803649902344
2019-12-04,72.35353088378906,282.5128173828125
2019-12-05,72.31938171386719,283.0208435058594
2019-12-06,72.29373931884766,285.6058654785156
2019-12-09,72.29373931884766,284.70782470703125
2019-12-10,72.25956726074219,284.3904113769531
2019-12-11,72.31938171386719,285.19769287109375
2019-12-12,72.25104522705078,287.6558532714844
2019-12-13,72.33639526367188,287.8281555175781
2019-12-16,72.29373931884766,289.8055419921875
2019-12-17,72.31080627441406,289.8691711425781
2019-12-18,72.31938171386719,289.88726806640625
2019-12-19,72.33390045166016,291.0754089355469
2019-12-20,72.33390045166016,292.3516540527344
2019-12-23,72.31684112548828,292.7982177734375
2019-12-24,72.32535552978516,292.80731201171875
2019-12-26,72.35101318359375,294.3660888671875
2019-12-27,72.40235137939453,294.2931213378906
2019-12-30,72.42801666259766,292.6706237792969
2019-12-31,72.41947937011719,293.3816833496094
2020-01-02,72.45368194580078,296.1252746582031
2020-01-03,72.5136489868164,293.8829650878906
2020-01-06,72.4879379272461,295.0041809082031
2020-01-07,72.4879379272461,294.1746826171875
2020-01-08,72.45368194580078,295.74249267578125
2020-01-09,72.46224975585938,297.7477111816406
2020-01-10,72.4793930053711,296.89093017578125
2020-01-13,72.47086334228516,298.93280029296875
2020-01-14,72.4793930053711,298.4769592285156
2020-01-15,72.5136489868164,299.1515808105469
2020-01-16,72.5136489868164,301.6400146484375
2020-01-17,72.53925323486328,302.578857421875
2020-01-21,72.55640411376953,301.986328125
2020-01-22,72.57353973388672,302.02288818359375
2020-01-23,72.59918212890625,302.36920166015625
2020-01-24,72.6248550415039,299.6802062988281
2020-01-27,72.70186614990234,294.8764953613281
2020-01-28,72.66764068603516,297.96661376953125
2020-01-29,72.73607635498047,297.720458984375
2020-01-30,72.7446517944336,298.6866149902344
2020-01-31,72.83878326416016,293.2630920410156
2020-02-03,72.81737518310547,295.4416809082031
2020-02-04,72.740234375,299.944580078125
2020-02-05,72.68880462646484,303.40826416015625
2020-02-06,72.7059326171875,304.42913818359375
2020-02-07,72.7488021850586,302.8067932128906
2020-02-10,72.78307342529297,305.0672302246094
2020-02-11,72.7488021850586,305.5960388183594
2020-02-12,72.71451568603516,307.56488037109375
2020-02-13,72.73162841796875,307.2367248535156
2020-02-14,72.76593017578125,307.7288818359375
2020-02-18,72.79163360595703,306.9359130859375
2020-02-19,72.80020904541016,308.4034729003906
2020-02-20,72.81737518310547,307.136474609375
2020-02-21,72.87734985351562,303.9734802246094
2020-02-24,72.99736785888672,293.8921203613281
2020-02-25,73.07450103759766,284.9865417480469
2020-02-26,73.12593841552734,283.9382019042969
2020-02-27,73.21161651611328,271.1860656738281
2020-02-28,73.477294921875,270.0467224121094
2020-03-02,73.447265625,281.7414855957031
2020-03-03,73.73910522460938,273.6745300292969
2020-03-04,73.7476806640625,285.1778564453125
2020-03-05,73.9021987915039,275.69818115234375
2020-03-06,73.98799133300781,271.1405029296875
2020-03-09,74.39143371582031,249.96597290039062
2020-03-10,74.06527709960938,262.900390625
2020-03-11,73.97943115234375,250.08444213867188
2020-03-12,73.9622802734375,226.15708923339844
2020-03-13,74.05668640136719,245.49038696289062
2020-03-16,74.1768569946289,218.62796020507812
2020-03-17,74.00520324707031,230.43206787109375
2020-03-18,73.91077423095703,218.76463317871094
2020-03-19,74.0395278930664,219.2295379638672
2020-03-20,74.23693084716797,209.78199768066406
2020-03-23,74.32276153564453,204.41824340820312
2020-03-24,74.21977233886719,222.93919372558594
2020-03-25,74.30559539794922,226.27664184570312
2020-03-26,74.39143371582031,239.48890686035156
2020-03-27,74.37427520751953,232.3555450439453
2020-03-30,74.40859985351562,239.90147399902344
2020-03-31,74.39143371582031,236.32566833496094
2020-04-01,74.43955993652344,225.68980407714844
2020-04-02,74.45674896240234,230.89776611328125
2020-04-03,74.43955993652344,227.56027221679688
2020-04-06,74.38800048828125,242.8446807861328
2020-04-07,74.37078094482422,243.09222412109375
2020-04-08,74.41380310058594,251.25245666503906
2020-04-09,74.43955993652344,255.0757598876953
2020-04-13,74.44815826416016,252.74700927734375
2020-04-14,74.44815826416016,260.2011413574219
2020-04-15,74.47393035888672,254.67242431640625
2020-04-16,74.49111938476562,255.90101623535156
2020-04-17,74.46533966064453,262.8143005371094
2020-04-20,74.46533966064453,258.1839904785156
2020-04-21,74.48250579833984,250.34481811523438
2020-04-22,74.45674896240234,255.90101623535156
2020-04-23,74.44815826416016,255.88267517089844
2020-04-24,74.44815826416016,259.4493408203125
2020-04-27,74.44815826416016,263.19024658203125
2020-04-28,74.47393035888672,261.97998046875
2020-04-29,74.46533966064453,268.8382568359375
2020-04-30,74.59426879882812,266.3351745605469
2020-05-01,74.48413848876953,259.2843933105469
2020-05-04,74.48413848876953,259.99951171875
2020-05-05,74.47557830810547,262.40167236328125
2020-05-06,74.50135040283203,260.623046875
2020-05-07,74.55297088623047,263.76788330078125
2020-05-08,74.5357666015625,268.1322021484375
2020-05-11,74.50997924804688,268.187255859375
2020-05-12,74.52716827392578,262.8418273925781
2020-05-13,74.52716827392578,258.19317626953125
2020-05-14,74.50997924804688,261.2830505371094
2020-05-15,74.55297088623047,262.4842224121094
2020-05-18,74.49276733398438,270.4793701171875
2020-05-19,74.5357666015625,267.701171875
2020-05-20,74.5357666015625,272.2491149902344
2020-05-21,74.51856994628906,270.3694152832031
2020-05-22,74.51856994628906,270.8827819824219
2020-05-26,74.51856994628906,274.22027587890625
2020-05-27,74.50135040283203,278.3004150390625
2020-05-28,74.5357666015625,277.7869567871094
2020-05-29,74.5357666015625,279.0247802734375
2020-06-01,74.52716064453125,280.15252685546875
2020-06-02,74.52716064453125,282.4721984863281
2020-06-03,74.4669418334961,286.2313232421875
2020-06-04,74.48410034179688,285.4794616699219
2020-06-05,74.45829772949219,292.7962341308594
2020-06-08,74.4410629272461,296.3353576660156
2020-06-09,74.4669418334961,294.1257019042969
2020-06-10,74.50994873046875,292.4844970703125
2020-06-11,74.47552490234375,275.623046875
2020-06-12,74.5013198852539,278.92376708984375
2020-06-15,74.48410034179688,281.5277404785156
2020-06-16,74.47552490234375,286.9465637207031
2020-06-17,74.5013198852539,285.754638671875
2020-06-18,74.49273681640625,285.8647155761719
2020-06-19,74.50994873046875,284.2309265136719
2020-06-22,74.49273681640625,286.05438232421875
2020-06-23,74.50994873046875,287.3713073730469
2020-06-24,74.51856231689453,280.0407409667969
2020-06-25,74.51856231689453,283.0429992675781
2020-06-26,74.54431915283203,276.32025146484375
2020-06-29,74.56163024902344,280.3814697265625
2020-06-30,74.552978515625,283.97308349609375
2020-07-01,74.52800750732422,285.9622802734375
2020-07-02,74.56246185302734,287.53704833984375
2020-07-06,74.5365982055664,291.9758605957031
2020-07-07,74.55384063720703,288.96441650390625
2020-07-08,74.55384063720703,291.17462158203125
2020-07-09,74.57107543945312,289.5170593261719
2020-07-10,74.54523468017578,292.4732360839844
2020-07-13,74.54523468017578,289.9405517578125
2020-07-14,74.55384063720703,293.69793701171875
2020-07-15,74.56246185302734,296.3962707519531
2020-07-16,74.56246185302734,295.4200744628906
2020-07-17,74.5796890258789,296.2765197753906
2020-07-20,74.56246185302734,298.67095947265625
2020-07-21,74.5796890258789,299.3062744140625
2020-07-22,74.57107543945312,301.0100402832031
2020-07-23,74.57107543945312,297.41839599609375
2020-07-24,74.5796890258789,295.5029296875
2020-07-27,74.55384063720703,297.6578369140625
2020-07-28,74.57107543945312,295.7699890136719
2020-07-29,74.58828735351562,299.40765380859375
2020-07-30,74.61418151855469,298.33935546875
2020-07-31,74.62272644042969,300.6968994140625
2020-08-03,74.62272644042969,302.787353515625
2020-08-04,74.63140869140625,303.95697021484375
2020-08-05,74.6141586303711,305.8447570800781
2020-08-06,74.6141586303711,307.8892517089844
2020-08-07,74.60549926757812,308.11029052734375
2020-08-10,74.58826446533203,309.0311279296875
2020-08-11,74.57106018066406,306.4802551269531
2020-08-12,74.55380249023438,310.7532653808594
2020-08-13,74.5451889038086,310.1914367675781
2020-08-14,74.55380249023438,310.2007141113281
2020-08-17,74.56244659423828,311.18609619140625
2020-08-18,74.57106018066406,311.8584289550781
2020-08-19,74.57106018066406,310.5599060058594
2020-08-20,74.57106018066406,311.52685546875
2020-08-21,74.56244659423828,312.6319274902344
2020-08-24,74.55380249023438,315.7998962402344
2020-08-25,74.56244659423828,316.9049072265625
2020-08-26,74.56244659423828,320.0821228027344
2020-08-27,74.55380249023438,320.7820739746094
2020-08-28,74.57965850830078,322.8541564941406
2020-08-31,74.60549926757812,321.6846008300781
2020-09-01,74.58741760253906,324.7142333984375
2020-09-02,74.59602355957031,329.4109802246094
2020-09-03,74.58741760253906,318.0745849609375
2020-09-04,74.56156158447266,315.4775390625
2020-09-08,74.57014465332031,306.8578186035156
2020-09-09,74.57878112792969,312.9175109863281
2020-09-10,74.57014465332031,307.48406982421875
2020-09-11,74.58741760253906,307.64056396484375
2020-09-14,74.57878112792969,311.6925964355469
2020-09-15,74.58741760253906,313.2673034667969
2020-09-16,74.59602355957031,312.024169921875
2020-09-17,74.57878112792969,309.2798156738281
2020-09-18,74.58741760253906,305.7191467285156
2020-09-21,74.57878112792969,302.3166198730469
2020-09-22,74.59602355957031,305.3956298828125
2020-09-23,74.59602355957031,298.3131103515625
2020-09-24,74.58741760253906,299.1082458496094
2020-09-25,74.59602355957031,303.9439392089844
2020-09-28,74.60466766357422,308.99224853515625
2020-09-29,74.59602355957031,307.3094482421875
2020-09-30,74.60466766357422,309.6394348144531
2020-10-01,74.58743286132812,311.6273193359375
2020-10-02,74.59603118896484,308.66864013671875
2020-10-05,74.57012939453125,314.1423034667969
2020-10-06,74.57012939453125,309.67645263671875
2020-10-07,74.5615234375,315.0669250488281
2020-10-08,74.5615234375,317.859130859375
2020-10-09,74.5615234375,320.6976623535156
2020-10-12,74.57878112792969,325.8569030761719
2020-10-13,74.57012939453125,323.7303466796875
2020-10-14,74.57012939453125,321.6962890625
2020-10-15,74.58743286132812,321.2986145019531
2020-10-16,74.57878112792969,321.1044921875
2020-10-19,74.57878112792969,316.2226867675781
2020-10-20,74.57012939453125,317.4892578125
2020-10-21,74.57012939453125,316.8883361816406
2020-10-22,74.54427337646484,318.6265563964844
2020-10-23,74.55286407470703,319.7083740234375
2020-10-26,74.5615234375,313.8002014160156
2020-10-27,74.5615234375,312.7184143066406
2020-10-28,74.5615234375,302.0299987792969
2020-10-29,74.57878112792969,305.0997009277344
2020-10-30,74.57012939453125,301.9190673828125
2020-11-02,74.56927490234375,305.3031311035156
2020-11-03,74.55200958251953,310.6934814453125
2020-11-04,74.56927490234375,317.6372375488281
2020-11-05,74.55200958251953,323.83203125
2020-11-06,74.56063079833984,323.7581481933594
2020-11-09,74.53475952148438,327.82635498046875
2020-11-10,74.52610778808594,327.34564208984375
2020-11-11,74.50885009765625,329.7772216796875
2020-11-12,74.5174789428711,326.5781555175781
2020-11-13,74.5174789428711,331.0995178222656
2020-11-16,74.53475952148438,335.232421875
2020-11-17,74.52610778808594,333.4294128417969
2020-11-18,74.52610778808594,329.41668701171875
2020-11-19,74.54338073730469,330.80352783203125
2020-11-20,74.55200958251953,328.5382995605469
2020-11-23,74.55200958251953,330.5077819824219
2020-11-24,74.56063079833984,335.8334655761719
2020-11-25,74.56927490234375,335.3156433105469
2020-11-27,74.56927490234375,336.24945068359375
2020-11-30,74.58651733398438,334.7608642578125
2020-12-01,74.54594421386719,338.4223327636719
2020-12-02,74.563232421875,339.1342468261719
2020-12-03,74.58049011230469,339.0417785644531
2020-12-04,74.57186126708984,341.9635314941406
2020-12-07,74.58911895751953,341.2608337402344
2020-12-08,74.57186126708984,342.2593688964844
2020-12-09,74.563232421875,339.18975830078125
2020-12-10,74.58049011230469,339.0787658691406
2020-12-11,74.62367248535156,338.6811218261719
2020-12-14,74.6150131225586,337.1647644042969
2020-12-15,74.6150131225586,341.7231750488281
2020-12-16,74.6150131225586,342.2593688964844
2020-12-17,74.61676025390625,344.1732177734375
2020-12-18,74.60810852050781,342.799072265625
2020-12-21,74.60810852050781,341.5733947753906
2020-12-22,74.60810852050781,340.9976806640625
2020-12-23,74.62538146972656,341.3041076660156
2020-12-24,74.60810852050781,342.6319274902344
2020-12-28,74.61676025390625,345.5754089355469
2020-12-29,74.61676025390625,344.9161682128906
2020-12-30,74.62538146972656,345.4082336425781
2020-12-31,74.61676025390625,347.1632080078125
2021-01-04,74.62538146972656,342.43695068359375
2021-01-05,74.62538146972656,344.79541015625
2021-01-06,74.58219146728516,346.85675048828125
2021-01-07,74.5994873046875,352.01025390625
2021-01-08,74.59088897705078,354.015869140625
2021-01-11,74.58219146728516,351.6295471191406
2021-01-12,74.58219146728516,351.7038269042969
2021-01-13,74.57359313964844,352.65093994140625
2021-01-14,74.58219146728516,351.41595458984375
2021-01-15,74.59088897705078,348.8531494140625
2021-01-19,74.61676025390625,351.59228515625
2021-01-20,74.60810852050781,356.4579162597656
2021-01-21,74.61676025390625,356.7828369140625
2021-01-22,74.61676025390625,355.52008056640625
2021-01-25,74.62538146972656,356.9222412109375
2021-01-26,74.61676025390625,356.364990234375
2021-01-27,74.61676025390625,347.65533447265625
2021-01-28,74.60810852050781,350.6452941894531
2021-01-29,74.634033203125,343.6255187988281
2021-02-01,74.64268493652344,349.3453063964844
2021-02-02,74.61675262451172,354.2851257324219
2021-02-03,74.62538146972656,354.563720703125
2021-02-04,74.62538146972656,358.593505859375
2021-02-05,74.64268493652344,360.0049743652344
2021-02-08,74.63402557373047,362.6048278808594
2021-02-09,74.61675262451172,362.3634948730469
2021-02-10,74.62538146972656,362.2055358886719
2021-02-11,74.62538146972656,362.79052734375
2021-02-12,74.63402557373047,364.5826721191406
2021-02-16,74.60809326171875,364.2669982910156
2021-02-17,74.62538146972656,364.3505554199219
2021-02-18,74.62538146972656,362.7999267578125
2021-02-19,74.63402557373047,362.1591491699219
2021-02-22,74.61675262451172,359.37347412109375
2021-02-23,74.62538146972656,359.8099670410156
2021-02-24,74.60809326171875,363.7747802734375
2021-02-25,74.49579620361328,355.0093688964844
2021-02-26,74.59086608886719,353.18017578125
2021-03-01,74.58390808105469,361.7413635253906
2021-03-02,74.6011734008789,358.9186706542969
2021-03-03,74.55794525146484,354.1643981933594
2021-03-04,74.55794525146484,349.7817077636719
2021-03-05,74.55794525146484,356.2165222167969
2021-03-08,74.5320816040039,354.4429931640625
2021-03-09,74.5320816040039,359.5035095214844
2021-03-10,74.55794525146484,361.7413635253906
2021-03-11,74.55794525146484,365.4090270996094
2021-03-12,74.54933166503906,365.9011535644531
2021-03-15,74.55794525146484,368.0832214355469
2021-03-16,74.55794525146484,367.61895751953125
2021-03-17,74.57525634765625,368.8725280761719
2021-03-18,74.56661224365234,363.505615234375
2021-03-19,74.56661224365234,362.8329162597656
2021-03-22,74.55794525146484,365.7301330566406
2021-03-23,74.56661224365234,362.85150146484375
2021-03-24,74.58390808105469,361.0070495605469
2021-03-25,74.59259033203125,363.0379333496094
2021-03-26,74.59259033203125,368.8882751464844
2021-03-29,74.57525634765625,368.7019348144531
2021-03-30,74.57525634765625,367.7237243652344
2021-03-31,74.54933166503906,369.21429443359375
2021-04-01,74.54850769042969,373.2014465332031
2021-04-05,74.53118133544922,378.55804443359375
2021-04-06,74.54850769042969,378.33447265625
2021-04-07,74.55712127685547,378.7724304199219
2021-04-08,74.58303833007812,380.5703125
2021-04-09,74.55712127685547,383.3370666503906
2021-04-12,74.53982543945312,383.47686767578125
2021-04-13,74.56575775146484,384.6133728027344
2021-04-14,74.56575775146484,383.29986572265625
2021-04-15,74.58303833007812,387.4173583984375
2021-04-16,74.57437133789062,388.7123718261719
2021-04-19,74.56575775146484,386.8025207519531
2021-04-20,74.58303833007812,383.97052001953125
2021-04-21,74.600341796875,387.60369873046875
2021-04-22,74.59169006347656,384.063720703125
2021-04-23,74.57437133789062,388.2278747558594
2021-04-26,74.55712127685547,389.03839111328125
2021-04-27,74.54850769042969,388.9544372558594
2021-04-28,74.56575775146484,388.84271240234375
2021-04-29,74.58303833007812,391.32073974609375
2021-04-30,74.59169006347656,388.74951171875
2021-05-03,74.58476257324219,389.5880126953125
2021-05-04,74.58476257324219,387.1846008300781
2021-05-05,74.6020736694336,387.3056640625
2021-05-06,74.6020736694336,390.39849853515625
2021-05-07,74.62799835205078,393.2398376464844
2021-05-10,74.6020736694336,389.34576416015625
2021-05-11,74.59341430664062,385.8710632324219
2021-05-12,74.58476257324219,377.6729736328125
2021-05-13,74.6020736694336,382.2099304199219
2021-05-14,74.6020736694336,388.078857421875
2021-05-17,74.6020736694336,387.0914001464844
2021-05-18,74.61073303222656,383.75628662109375
2021-05-19,74.58476257324219,382.7502136230469
2021-05-20,74.6193618774414,386.8678283691406
2021-05-21,74.6020736694336,386.551025390625
2021-05-24,74.6193618774414,390.49163818359375
2021-05-25,74.6193618774414,389.6252136230469
2021-05-26,74.63665771484375,390.39849853515625
2021-05-27,74.63665771484375,390.6033630371094
2021-05-28,74.63665771484375,391.30218505859375
2021-06-01,74.62109375,390.9573669433594
2021-06-02,74.62972259521484,391.5722961425781
2021-06-03,74.60379028320312,390.1189880371094
2021-06-04,74.62972259521484,393.68701171875
2021-06-07,74.62109375,393.304931640625
2021-06-08,74.63839721679688,393.3888854980469
2021-06-09,74.62109375,392.802001953125
2021-06-10,74.64705657958984,394.62786865234375
2021-06-11,74.62972259521484,395.2799377441406
2021-06-14,74.60379028320312,396.16497802734375
2021-06-15,74.59517669677734,395.4383239746094
2021-06-16,74.5259780883789,393.2304992675781
2021-06-17,74.5259780883789,393.1000671386719
2021-06-18,74.46542358398438,387.7969970703125
2021-06-21,74.48272705078125,393.3486633300781
2021-06-22,74.5259780883789,395.4515380859375
2021-06-23,74.47410583496094,394.9750061035156
2021-06-24,74.48272705078125,397.3115539550781
2021-06-25,74.47410583496094,398.7227783203125
2021-06-28,74.50006103515625,399.5265808105469
2021-06-29,74.49141693115234,399.7414855957031
2021-06-30,74.50868225097656,400.0780029296875
2021-07-01,74.49397277832031,402.2931213378906
2021-07-02,74.52859497070312,405.3679504394531
2021-07-06,74.55451202392578,404.6296691894531
2021-07-07,74.56314086914062,406.05963134765625
2021-07-08,74.5977554321289,402.7511291503906
2021-07-09,74.57180786132812,407.0503845214844
2021-07-12,74.55451202392578,408.5083923339844
2021-07-13,74.49397277832031,407.1158447265625
2021-07-14,74.54588317871094,407.7233581542969
2021-07-15,74.55451202392578,406.3306884765625
2021-07-16,74.54588317871094,403.1435852050781
2021-07-19,74.5804672241211,397.1900329589844
2021-07-20,74.61505889892578,402.88189697265625
2021-07-21,74.58910369873047,406.1438293457031
2021-07-22,74.5977554321289,406.9942626953125
2021-07-23,74.60641479492188,411.1815185546875
2021-07-26,74.58910369873047,412.1908264160156
2021-07-27,74.60641479492188,410.312255859375
2021-07-28,74.61505889892578,410.14404296875
2021-07-29,74.61505889892578,411.84503173828125
2021-07-30,74.63235473632812,409.8448791503906
2021-08-02,74.6600341796875,408.9849853515625
2021-08-03,74.6600341796875,412.31231689453125
2021-08-04,74.63404083251953,410.2841796875
2021-08-05,74.59947204589844,412.8824462890625
2021-08-06,74.57351684570312,413.5647277832031
2021-08-09,74.5475845336914,413.228271484375
2021-08-10,74.52165985107422,413.7423400878906
2021-08-11,74.5562515258789,414.7704162597656
2021-08-12,74.5562515258789,416.0135498046875
2021-08-13,74.56488037109375,416.7705383300781
2021-08-16,74.58218383789062,417.75189208984375
2021-08-17,74.56488037109375,415.0133972167969
2021-08-18,74.56488037109375,410.4710998535156
2021-08-19,74.56488037109375,411.1066589355469
2021-08-20,74.56488037109375,414.37786865234375
2021-08-23,74.56488037109375,418.02288818359375
2021-08-24,74.5562515258789,418.68646240234375
2021-08-25,74.5475845336914,419.5650634765625
2021-08-26,74.5475845336914,417.08831787109375
2021-08-27,74.59947204589844,420.8175048828125
2021-08-30,74.61679077148438,422.6680603027344
2021-08-31,74.6081314086914,422.04180908203125
2021-09-01,74.60208892822266,422.26605224609375
2021-09-02,74.60208892822266,423.5653381347656
2021-09-03,74.60208892822266,423.4625244140625
2021-09-07,74.57612609863281,421.9484558105469
2021-09-08,74.59342956542969,421.434326171875
2021-09-09,74.6107177734375,419.63055419921875
2021-09-10,74.58475494384766,416.3219299316406
2021-09-13,74.60208892822266,417.3874206542969
2021-09-14,74.6107177734375,415.13494873046875
2021-09-15,74.6107177734375,418.6024475097656
2021-09-16,74.58475494384766,417.9388732910156
2021-09-17,74.56748962402344,413.86773681640625
2021-09-20,74.58475494384766,406.9667663574219
2021-09-21,74.60208892822266,406.58233642578125
2021-09-22,74.55883026123047,410.54852294921875
2021-09-23,74.51555633544922,415.53668212890625
2021-09-24,74.4896011352539,416.22113037109375
2021-09-27,74.4809799194336,415.03033447265625
2021-09-28,74.4896011352539,406.6666564941406
2021-09-29,74.51555633544922,407.3511962890625
2021-09-30,74.53289031982422,402.3724060058594
2021-10-01,74.56834411621094,407.1542053222656
2021-10-04,74.53376007080078,401.9035339355469
2021-10-05,74.52506256103516,406.08538818359375
2021-10-06,74.51644134521484,407.7730407714844
2021-10-07,74.49048614501953,411.29852294921875
2021-10-08,74.46452331542969,410.54852294921875
2021-10-11,74.4039306640625,407.576171875
2021-10-12,74.43858337402344,406.5729675292969
2021-10-13,74.41259765625,408.03564453125
2021-10-14,74.41259765625,414.8990783691406
2021-10-15,74.36933898925781,418.0588684082031
2021-10-18,74.31742095947266,419.29656982421875
2021-10-19,74.3433609008789,422.53131103515625
2021-10-20,74.36933898925781,424.1909484863281
2021-10-21,74.28280639648438,425.2973937988281
2021-10-22,74.26551055908203,424.8565979003906
2021-10-25,74.30010223388672,427.1350402832031
2021-10-26,74.28280639648438,427.51953125
2021-10-27,74.26551055908203,425.6254577636719
2021-10-28,74.27415466308594,429.7323303222656
2021-10-29,74.28280639648438,430.6043395996094
2021-11-01,74.24903869628906,431.3450012207031
2021-11-02,74.32695007324219,433.08892822265625
2021-11-03,74.30963134765625,435.73309326171875
2021-11-04,74.37886810302734,437.7864685058594
2021-11-05,74.4134521484375,439.3053894042969
2021-11-08,74.32695007324219,439.6804504394531
2021-11-09,74.37018585205078,438.2271728515625
2021-11-10,74.22309875488281,434.70172119140625
2021-11-11,74.17115783691406,434.8423156738281
2021-11-12,74.23178100585938,438.1240539550781
2021-11-15,74.22309875488281,438.2740478515625
2021-11-16,74.22309875488281,440.0086669921875
2021-11-17,74.24903869628906,438.93975830078125
2021-11-18,74.24039459228516,440.43060302734375
2021-11-19,74.22309875488281,439.64300537109375
2021-11-22,74.13653564453125,438.4053039550781
2021-11-23,74.13653564453125,438.98663330078125
2021-11-24,74.11923217773438,440.15869140625
2021-11-26,74.26638793945312,430.34173583984375
2021-11-29,74.30101013183594,435.62054443359375
2021-11-30,74.24039459228516,427.14447021484375
2021-12-01,74.24905395507812,422.3999938964844
2021-12-02,74.15384674072266,428.8696594238281
2021-12-03,74.19713592529297,425.1379089355469
2021-12-06,74.13650512695312,430.1729736328125
2021-12-07,74.04124450683594,439.071044921875
2021-12-08,74.06723022460938,440.233642578125
2021-12-09,74.04124450683594,437.26141357421875
2021-12-10,74.07589721679688,441.3775634765625
2021-12-13,74.11918640136719,437.4676513671875
2021-12-14,74.07589721679688,434.4578857421875
2021-12-15,74.10186767578125,441.24627685546875
2021-12-16,74.16078186035156,437.3551940917969
2021-12-17,74.12610626220703,432.7004089355469
2021-12-20,74.14342498779297,428.09942626953125
2021-12-21,74.10013580322266,435.7020263671875
2021-12-22,74.09146881103516,440.0584716796875
2021-12-23,74.08280181884766,442.7965087890625
2021-12-27,74.05680847167969,449.06298828125
2021-12-28,74.05680847167969,448.6960754394531
2021-12-29,74.04814910888672,449.27008056640625
2021-12-30,74.09146881103516,448.028076171875
2021-12-31,74.08280181884766,446.8988952636719
2022-01-03,73.99624633789062,449.4864501953125
2022-01-04,74.03948974609375,449.33587646484375
2022-01-05,73.94425964355469,440.7077331542969
2022-01-06,73.88359069824219,440.2936706542969
2022-01-07,73.86630249023438,438.5529479980469
2022-01-10,73.82300567626953,438.00726318359375
2022-01-11,73.8489761352539,441.99664306640625
2022-01-12,73.82300567626953,443.1916809082031
2022-01-13,73.85761260986328,437.0851135253906
2022-01-14,73.76235961914062,437.26397705078125
2022-01-18,73.64977264404297,429.5201416015625
2022-01-19,73.6844253540039,425.0601501464844
2022-01-20,73.66712188720703,420.3555908203125
2022-01-21,73.72771453857422,412.1037292480469
2022-01-24,73.7710189819336,413.85382080078125
2022-01-25,73.73637390136719,408.8011779785156
2022-01-26,73.60648345947266,407.77545166015625
2022-01-27,73.54585266113281,405.76190185546875
2022-01-28,73.57182312011719,415.8392333984375
2022-01-31,73.57182312011719,423.32891845703125
2022-02-01,73.56578063964844,426.1893005371094
2022-02-02,73.58307647705078,430.329345703125
2022-02-03,73.52246856689453,420.2145080566406
2022-02-04,73.37520599365234,422.1903991699219
2022-02-07,73.39250183105469,420.8354797363281
2022-02-08,73.31454467773438,424.2980651855469
2022-02-09,73.30587768554688,430.5081481933594
2022-02-10,72.933349609375,422.773681640625
2022-02-11,73.15859985351562,414.437255859375
2022-02-14,73.00265502929688,413.0823059082031
2022-02-15,73.0286865234375,419.7440490722656
2022-02-16,73.12393188476562,420.2145080566406
2022-02-17,73.16725158691406,411.23809814453125
2022-02-18,73.17593383789062,408.5753479003906
2022-02-22,73.10663604736328,404.19061279296875
2022-02-23,73.06330871582031,397.02081298828125
2022-02-24,73.12393188476562,402.99566650390625
2022-02-25,73.12393188476562,411.8873291015625
2022-02-28,73.2539291381836,410.8334655761719
2022-03-01,73.42288208007812,404.5763244628906
2022-03-02,73.18023681640625,412.0190734863281
2022-03-03,73.18023681640625,409.96783447265625
2022-03-04,73.25823974609375,406.6370544433594
2022-03-07,73.16291809082031,394.6496887207031
2022-03-08,73.06757354736328,391.6575622558594
2022-03-09,73.02423858642578,402.1582336425781
2022-03-10,72.96361541748047,400.3422546386719
2022-03-11,72.93759155273438,395.2518310546875
2022-03-14,72.7469711303711,392.36322021484375
2022-03-15,72.77296447753906,400.991455078125
2022-03-16,72.70364379882812,409.8832092285156
2022-03-17,72.67762756347656,415.01123046875
2022-03-18,72.66031646728516,419.55670166015625
2022-03-21,72.41764831542969,419.43408203125
2022-03-22,72.3656997680664,424.3419494628906
2022-03-23,72.4263687133789,418.8771667480469
2022-03-24,72.40901947021484,425.19146728515625
2022-03-25,72.20970153808594,427.2679138183594
2022-03-28,72.14035034179688,430.3070983886719
2022-03-29,72.17504119873047,435.6304016113281
2022-03-30,72.22705078125,432.9404602050781
2022-03-31,72.22705078125,426.27685546875
2022-04-01,72.07617950439453,427.4850158691406
2022-04-04,72.11953735351562,431.14715576171875
2022-04-05,71.98948669433594,425.701171875
2022-04-06,72.04151916503906,421.4444580078125
2022-04-07,72.09351348876953,423.5680236816406
2022-04-08,72.00685119628906,422.4354553222656
2022-04-11,72.02418518066406,415.215087890625
2022-04-12,72.20623016357422,413.67657470703125
2022-04-13,72.24089050292969,418.4146728515625
2022-04-14,72.11087799072266,413.20465087890625
2022-04-18,72.11087799072266,413.37457275390625
2022-04-19,71.94613647460938,420.0474548339844
2022-04-20,71.98948669433594,419.7360534667969
2022-04-21,71.86812591552734,413.45953369140625
2022-04-22,71.85078430175781,402.1145324707031
2022-04-25,71.96346282958984,404.44580078125
2022-04-26,72.09351348876953,392.73272705078125
2022-04-27,72.0588607788086,393.8370056152344
2022-04-28,72.00685119628906,403.7851257324219
2022-04-29,71.86812591552734,388.8630065917969
2022-05-02,71.86294555664062,391.2037353515625
2022-05-03,71.82821655273438,392.9970397949219
2022-05-04,72.01905059814453,404.96490478515625
2022-05-05,71.89761352539062,390.5713195800781
2022-05-06,71.88894653320312,388.24005126953125
2022-05-09,72.07109069824219,375.8096923828125
2022-05-10,72.02771759033203,376.677978515625
2022-05-11,72.03642272949219,370.6939697265625
2022-05-12,72.14048767089844,370.3070373535156
2022-05-13,72.11447143554688,379.1603088378906
2022-05-16,72.15784454345703,377.6218566894531
2022-05-17,72.00170135498047,385.3896484375
2022-05-18,72.03642272949219,369.85394287109375
2022-05-19,72.14048767089844,367.58868408203125
2022-05-20,72.19254302978516,367.7492370605469
2022-05-23,72.15784454345703,374.6298522949219
2022-05-24,72.3226318359375,371.7699890136719
2022-05-25,72.37466430664062,375.0545959472656
2022-05-26,72.39202880859375,382.54864501953125
2022-05-27,72.40937805175781,391.9399108886719
2022-05-31,72.296630859375,389.7408142089844
2022-06-01,72.16207122802734,386.5883483886719
2022-06-02,72.1794204711914,393.9502868652344
2022-06-03,72.15338897705078,387.4849548339844
2022-06-06,72.05789184570312,388.664794921875
2022-06-07,72.06656646728516,392.3929138183594
2022-06-08,72.0145034790039,388.1268005371094
2022-06-09,71.96244049072266,378.89599609375
2022-06-10,71.65857696533203,367.9096374511719
2022-06-13,71.29399871826172,353.9408264160156
2022-06-14,71.15511322021484,352.87420654296875
2022-06-15,71.43291473388672,357.9049072265625
2022-06-16,71.52838897705078,346.0597229003906
2022-06-17,71.51100158691406,346.8056945800781
2022-06-21,71.48497772216797,355.5361328125
2022-06-22,71.69329071044922,354.8915100097656
2022-06-23,71.75406646728516,358.3703308105469
2022-06-24,71.73672485351562,369.7643127441406
2022-06-27,71.65857696533203,368.3519592285156
2022-06-28,71.64120483398438,360.8254699707031
2022-06-29,71.7280502319336,360.5316467285156
2022-06-30,71.86695098876953,357.60260009765625
2022-07-01,72.083251953125,361.3847961425781
2022-07-05,72.07457733154297,362.0672912597656
2022-07-06,71.87478637695312,363.29010009765625
2022-07-07,71.82260131835938,368.7311096191406
2022-07-08,71.7356948852539,368.4278259277344
2022-07-11,71.76177215576172,364.2190856933594
2022-07-12,71.79656219482422,360.99615478515625
2022-07-13,71.71835327148438,359.1002197265625
2022-07-14,71.6922607421875,358.22821044921875
2022-07-15,71.74442291259766,365.0721435546875
2022-07-18,71.70097351074219,362.0577697753906
2022-07-19,71.62277221679688,371.8402099609375
2022-07-20,71.61408996582031,374.2101135253906
2022-07-21,71.81390380859375,378.020751953125
2022-07-22,71.99638366699219,374.513427734375
2022-07-25,71.93557739257812,374.9683837890625
2022-07-26,71.90079498291016,370.53216552734375
2022-07-27,72.0137710571289,380.153564453125
2022-07-28,72.170166015625,384.921630859375
2022-07-29,72.16148376464844,390.53326416015625
2022-08-01,72.15971374511719,389.3768005371094
2022-08-02,71.90750122070312,386.8079528808594
2022-08-03,71.93357849121094,392.86517333984375
2022-08-04,72.02925109863281,392.59979248046875
2022-08-05,71.7335433959961,391.9361877441406
2022-08-08,71.80313873291016,391.481201171875
2022-08-09,71.7335433959961,389.9266662597656
2022-08-10,71.80313873291016,398.1166687011719
2022-08-11,71.77702331542969,398.1166687011719
2022-08-12,71.79442596435547,404.8563232421875
2022-08-15,71.85531616210938,406.524658203125
2022-08-16,71.79442596435547,407.3208923339844
2022-08-17,71.7335433959961,404.4297180175781
2022-08-18,71.83789825439453,405.605224609375
2022-08-19,71.78573608398438,400.1546325683594
2022-08-22,71.6900634765625,391.8224792480469
2022-08-23,71.72483825683594,390.8744812011719
2022-08-24,71.64652252197266,392.1257629394531
2022-08-25,71.6900634765625,397.66162109375
2022-08-26,71.67266082763672,384.2011413574219
2022-08-29,71.62043762207031,381.6607666015625
2022-08-30,71.58567810058594,377.4709167480469
2022-08-31,71.57698059082031,374.59869384765625
2022-09-01,71.52470397949219,375.7741394042969
2022-09-02,71.68144989013672,371.8118896484375
2022-09-06,71.52470397949219,370.4089050292969
2022-09-07,71.62921905517578,377.06329345703125
2022-09-08,71.54214477539062,379.52789306640625
2022-09-09,71.48119354248047,385.42401123046875
2022-09-12,71.47248077392578,389.5663146972656
2022-09-13,71.2286376953125,372.6270751953125
2022-09-14,71.16767120361328,374.0489501953125
2022-09-15,71.08924865722656,369.80224609375
2022-09-16,71.12409973144531,366.9810485839844
2022-09-19,71.04570770263672,369.8269958496094
2022-09-20,71.01091766357422,365.5819091796875
2022-09-21,70.94992065429688,359.20477294921875
2022-09-22,70.81929779052734,356.18756103515625
2022-09-23,70.73222351074219,350.21966552734375
2022-09-26,70.57543182373047,346.7550354003906
2022-09-27,70.57543182373047,345.8699035644531
2022-09-28,70.88030242919922,352.6753234863281
2022-09-29,70.78447723388672,345.30828857421875
2022-09-30,70.72350311279297,339.9685974121094
2022-10-03,70.87873077392578,348.9442138671875
2022-10-04,70.9049072265625,359.7568359375
2022-10-05,70.83514404296875,358.91925048828125
2022-10-06,70.74791717529297,355.2166748046875
2022-10-07,70.66072845458984,345.30828857421875
2022-10-10,70.63455200195312,342.6718444824219
2022-10-11,70.66943359375,340.50164794921875
2022-10-12,70.7392349243164,339.3785095214844
2022-10-13,70.52991485595703,348.3350830078125
2022-10-14,70.49506378173828,340.3969421386719
2022-10-17,70.57353973388672,349.14410400390625
2022-10-18,70.60841369628906,353.2464599609375
2022-10-19,70.47756958007812,350.74322509765625
2022-10-20,70.39913177490234,347.80206298828125
2022-10-21,70.58226013183594,356.2541198730469
2022-10-24,70.5647964477539,360.6134948730469
2022-10-25,70.63455200195312,366.3719482421875
2022-10-26,70.69559478759766,363.6116943359375
2022-10-27,70.8438491821289,361.6700439453125
2022-10-28,70.7392349243164,370.2743835449219
2022-10-31,70.63455200195312,367.5997314453125
2022-11-01,70.56556701660156,365.9912109375
2022-11-02,70.53060913085938,356.8061828613281
2022-11-03,70.39958190917969,353.1321716308594
2022-11-04,70.47819519042969,358.2148742675781
2022-11-07,70.41706085205078,361.6413879394531
2022-11-08,70.48693084716797,363.5926208496094
2022-11-09,70.6004638671875,356.1018981933594
2022-11-10,70.98487854003906,375.6711120605469
2022-11-11,70.9673843383789,379.3070983886719
2022-11-14,70.90625762939453,376.0804138183594
2022-11-15,70.97612762451172,379.28802490234375
2022-11-16,70.98487854003906,376.39453125
2022-11-17,70.89749145507812,375.2427978515625
2022-11-18,70.8188705444336,376.9465637207031
2022-11-21,70.80140686035156,375.5759582519531
2022-11-22,70.85382080078125,380.6300964355469
2022-11-23,70.91496276855469,383.0286865234375
2022-11-25,70.9237289428711,382.9430236816406
2022-11-28,70.941162109375,376.8323059082031
2022-11-29,70.91496276855469,376.18511962890625
2022-11-30,71.12461853027344,388.0351257324219
2022-12-01,71.27782440185547,387.7496337890625
2022-12-02,71.26031494140625,387.30230712890625
2022-12-05,71.05895233154297,380.33502197265625
2022-12-06,71.13774108886719,374.8525695800781
2022-12-07,71.28656005859375,374.2148742675781
2022-12-08,71.21653747558594,377.146484375
2022-12-09,71.1815185546875,374.3290710449219
2022-12-12,71.13774108886719,379.7258605957031
2022-12-13,71.34785461425781,382.60028076171875
2022-12-14,71.3565902709961,380.1541748046875
2022-12-15,71.36624145507812,370.8549499511719
2022-12-16,71.4364242553711,366.47662353515625
2022-12-19,71.34867095947266,363.3690185546875
2022-12-20,71.34867095947266,363.86627197265625
2022-12-21,71.41888427734375,369.3069152832031
2022-12-22,71.37503051757812,364.038330078125
2022-12-23,71.33992004394531,366.13232421875
2022-12-27,71.24342346191406,364.6885070800781
2022-12-28,71.24342346191406,360.1562194824219
2022-12-29,71.29606628417969,366.63916015625
2022-12-30,71.20832824707031,365.6733703613281
2023-01-03,71.26976013183594,364.134033203125
2023-01-04,71.33992004394531,366.9451599121094
2023-01-05,71.24342346191406,362.7570495605469
2023-01-06,71.51538848876953,371.0758361816406
2023-01-09,71.58555603027344,370.8655090332031
2023-01-10,71.52416229248047,373.4662780761719
2023-01-11,71.58555603027344,378.18988037109375
2023-01-12,71.74347686767578,379.56671142578125
2023-01-13,71.62065124511719,381.0392761230469
2023-01-17,71.66453552246094,380.34124755859375
2023-01-18,71.82242584228516,374.33642578125
2023-01-19,71.80487823486328,371.6112976074219
2023-01-20,71.74347686767578,378.5340881347656
2023-01-23,71.67327117919922,383.07598876953125
2023-01-24,71.69962310791016,382.664794921875
2023-01-25,71.74347686767578,382.8082580566406
2023-01-26,71.69962310791016,387.01544189453125
2023-01-27,71.69962310791016,387.9046936035156
2023-01-30,71.62943267822266,383.0376892089844
2023-01-31,71.76103973388672,388.669677734375
2023-02-01,71.88581848144531,392.8003234863281
2023-02-02,71.89462280273438,398.5183410644531
2023-02-03,71.63093566894531,394.28240966796875
2023-02-06,71.42878723144531,391.87286376953125
2023-02-07,71.46394348144531,396.99798583984375
2023-02-08,71.49030303955078,392.6568908691406
2023-02-09,71.43758392333984,389.25286865234375
2023-02-10,71.40245056152344,390.1612854003906
2023-02-13,71.42002868652344,394.7414245605469
2023-02-14,71.27056884765625,394.5596618652344
2023-02-15,71.27935791015625,395.8410339355469
2023-02-16,71.28815460205078,390.39080810546875
2023-02-17,71.34970092773438,389.41552734375
2023-02-21,71.20906066894531,381.6034240722656
2023-02-22,71.24420928955078,381.0775146484375
2023-02-23,71.28815460205078,383.1046447753906
2023-02-24,71.13876342773438,379.01220703125
2023-02-27,71.20026397705078,380.302978515625
2023-02-28,71.18269348144531,378.8974914550781
2023-03-01,71.05235290527344,377.44403076171875
2023-03-02,71.07876586914062,380.3795166015625
2023-03-03,71.12281799316406,386.47998046875
2023-03-06,71.08760070800781,386.7477111816406
2023-03-07,70.93787384033203,380.8193664550781
2023-03-08,70.90265655517578,381.44085693359375
2023-03-09,71.13162231445312,374.4034118652344
2023-03-10,71.51911926269531,369.00091552734375
2023-03-13,72.23246002197266,368.4750061035156
2023-03-14,71.95944213867188,374.56597900390625
2023-03-15,72.38219451904297,372.2232666015625
2023-03-16,72.09156036376953,378.7540283203125
2023-03-17,72.4526138305664,374.32537841796875
2023-03-20,72.36454772949219,377.92474365234375
2023-03-21,72.09156036376953,382.8870544433594
2023-03-22,72.42622375488281,376.36016845703125
2023-03-23,72.63756561279297,377.37762451171875
2023-03-24,72.67278289794922,379.8539733886719
2023-03-27,72.36454772949219,380.5643005371094
2023-03-28,72.2853012084961,379.7100524902344
2023-03-29,72.25886535644531,385.2290344238281
2023-03-30,72.26766967773438,387.4847106933594
2023-03-31,72.35576629638672,392.9461669921875
2023-04-03,72.44401550292969,394.4434814453125
2023-04-04,72.61170196533203,392.2550964355469
2023-04-05,72.70877838134766,391.2280578613281
2023-04-06,72.68232727050781,392.7541198730469
2023-04-10,72.42634582519531,393.1572570800781
2023-04-11,72.41751861572266,393.2628479003906
2023-04-12,72.49695587158203,391.6598815917969
2023-04-13,72.5411148071289,396.86224365234375
2023-04-14,72.37339782714844,395.89276123046875
2023-04-17,72.26748657226562,397.3133544921875
2023-04-18,72.24984741210938,397.57257080078125
2023-04-19,72.18805694580078,397.50531005859375
2023-04-20,72.36457061767578,395.33612060546875
2023-04-21,72.3204345703125,395.64324951171875
2023-04-24,72.39986419677734,396.055908203125
2023-04-25,72.68232727050781,389.7690734863281
2023-04-26,72.59405517578125,388.11810302734375
2023-04-27,72.45280456542969,395.8448181152344
2023-04-28,72.53229522705078,399.2234191894531
2023-05-01,72.3739013671875,398.8202819824219
2023-05-02,72.6127700805664,394.337890625
2023-05-03,72.78970336914062,391.6311340332031
2023-05-04,72.90472412109375,388.857177734375
2023-05-05,72.72779846191406,396.055908203125
2023-05-08,72.6127700805664,396.1615905761719
2023-05-09,72.59506225585938,394.42425537109375
2023-05-10,72.77200317382812,396.2671813964844
2023-05-11,72.81623840332031,395.5760192871094
2023-05-12,72.6923828125,395.0577697753906
2023-05-15,72.70124816894531,396.42071533203125
2023-05-16,72.6127700805664,393.77154541015625
2023-05-17,72.53313446044922,398.5515441894531
2023-05-18,72.40043640136719,402.390869140625
2023-05-19,72.3473892211914,401.8053894042969
2023-05-22,72.32084655761719,401.9685974121094
2023-05-23,72.31198120117188,397.45733642578125
2023-05-24,72.22351837158203,394.5777587890625
2023-05-25,72.06429290771484,397.994873046875
2023-05-26,72.04657745361328,403.1491394042969
2023-05-30,72.1881332397461,403.3027648925781
2023-05-31,72.2588882446289,401.0662841796875
2023-06-01,72.37152862548828,404.8768005371094
2023-06-02,72.16755676269531,410.7318420410156
2023-06-05,72.18531799316406,409.94476318359375
2023-06-06,72.14982604980469,410.83740234375
2023-06-07,72.09662628173828,409.4168395996094
2023-06-08,72.21189880371094,411.8931884765625
2023-06-09,72.07890319824219,412.6322937011719
2023-06-12,72.14095306396484,416.3756408691406
2023-06-13,72.0079116821289,419.1207580566406
2023-06-14,71.9636001586914,419.6199035644531
2023-06-15,72.1143569946289,424.8221435546875
2023-06-16,72.01679229736328,423.37518310546875
2023-06-20,72.04339599609375,421.1786193847656
2023-06-21,72.04339599609375,419.02056884765625
2023-06-22,71.9636001586914,420.53314208984375
2023-06-23,72.02568054199219,417.3538818359375
2023-06-26,72.07890319824219,415.648681640625
2023-06-27,71.97246551513672,420.20562744140625
2023-06-28,72.0522689819336,420.4175109863281
2023-06-29,71.87493133544922,422.0744934082031
2023-06-30,71.90153503417969,427.0553894042969
2023-07-03,71.81795501708984,427.54669189453125
2023-07-05,71.80017852783203,426.9108581542969
2023-07-06,71.75572204589844,423.5677490234375
2023-07-07,71.83575439453125,422.4984130859375
2023-07-10,71.94243621826172,423.5677490234375
2023-07-11,71.93354797363281,426.2653503417969
2023-07-12,72.14691162109375,429.69500732421875
2023-07-13,72.35137176513672,433.10546875
2023-07-14,72.16471099853516,432.8357238769531
2023-07-17,72.19133758544922,434.33856201171875
2023-07-18,72.19133758544922,437.56597900390625
2023-07-19,72.218017578125,438.53900146484375
2023-07-20,72.129150390625,435.62957763671875
2023-07-21,72.13803100585938,435.62957763671875
2023-07-24,72.04907989501953,437.57562255859375
2023-07-25,72.04022216796875,438.7702941894531
2023-07-26,72.1113510131836,438.8376770019531
2023-07-27,72.0046615600586,435.9282531738281
2023-07-28,72.10247039794922,440.19610595703125
2023-07-31,72.1202392578125,441.0342102050781
2023-08-01,72.05963897705078,439.772216796875
2023-08-02,72.09529113769531,433.6546325683594
2023-08-03,72.12200927734375,432.4118347167969
2023-08-04,72.2646484375,430.4560852050781
2023-08-07,72.29139709472656,434.2133483886719
2023-08-08,72.3270492553711,432.32513427734375
2023-08-09,72.2824478149414,429.4349365234375
2023-08-10,72.246826171875,429.58905029296875
2023-08-11,72.17550659179688,429.33856201171875
2023-08-14,72.11310577392578,431.7085876464844
2023-08-15,72.13986206054688,426.6796569824219
2023-08-16,72.10418701171875,423.54852294921875
2023-08-17,72.18441772460938,420.3211364746094
2023-08-18,72.21115112304688,420.52349853515625
2023-08-21,72.13093566894531,423.259521484375
2023-08-22,72.09529113769531,422.11309814453125
2023-08-23,72.22897338867188,426.8145446777344
2023-08-24,72.18441772460938,420.8992614746094
2023-08-25,72.13986206054688,423.8664855957031
2023-08-28,72.18441772460938,426.5543518066406
2023-08-29,72.34485626220703,432.7201232910156
2023-08-30,72.34485626220703,434.50238037109375
2023-08-31,72.41616821289062,433.8665771484375
2023-09-01,72.3768539428711,434.6758117675781
2023-09-05,72.28746795654297,432.797119140625
2023-09-06,72.20706939697266,429.88775634765625
2023-09-07,72.34110260009766,428.5678405761719
2023-09-08,72.3053970336914,429.21331787109375
2023-09-11,72.32325744628906,432.0361328125
2023-09-12,72.28746795654297,429.6661682128906
2023-09-13,72.35003662109375,430.1671447753906
2023-09-14,72.33218383789062,433.87615966796875
2023-09-15,72.29641723632812,428.6487121582031
2023-09-18,72.28746795654297,428.90008544921875
2023-09-19,72.23384857177734,428.0106506347656
2023-09-20,72.18917846679688,424.0757751464844
2023-09-21,72.22493743896484,417.0665283203125
2023-09-22,72.29641723632812,416.128662109375
2023-09-25,72.26963806152344,417.8786315917969
2023-09-26,72.27855682373047,411.7394104003906
2023-09-27,72.22493743896484,411.9037780761719
2023-09-28,72.35003662109375,414.2917785644531
2023-09-29,72.35896301269531,413.2862854003906
2023-10-02,72.28642272949219,413.1219482421875
2023-10-03,72.23268127441406,407.5918884277344
2023-10-04,72.3939437866211,410.5599670410156
2023-10-05,72.4655990600586,410.4052429199219
2023-10-06,72.40289306640625,415.2779235839844
2023-10-09,72.617919921875,417.9366149902344
2023-10-10,72.57311248779297,420.1119079589844
2023-10-11,72.5551986694336,421.8327941894531
2023-10-12,72.4655990600586,419.26116943359375
2023-10-13,72.5103988647461,417.1728210449219
2023-10-16,72.4655990600586,421.56207275390625
2023-10-17,72.30430603027344,421.542724609375
2023-10-18,72.30430603027344,415.9256286621094
2023-10-19,72.40289306640625,412.2712097167969
2023-10-20,72.5193862915039,407.2051696777344
2023-10-23,72.56414794921875,406.4993896484375
2023-10-24,72.5462417602539,409.5641784667969
2023-10-25,72.4655990600586,403.68597412109375
2023-10-26,72.60893249511719,398.8520202636719
2023-10-27,72.65373229980469,397.04412841796875
2023-10-30,72.6268539428711,401.7911376953125
2023-10-31,72.59998321533203,404.3144226074219
2023-11-01,72.76173400878906,408.6263427734375
2023-11-02,72.77071380615234,416.4574279785156
2023-11-03,72.96837615966797,420.2569580078125
2023-11-06,72.83360290527344,421.2237243652344
2023-11-07,72.88753509521484,422.42254638671875
2023-11-08,72.86956024169922,422.73193359375
2023-11-09,72.76173400878906,419.4351501464844
2023-11-10,72.7796859741211,425.9803771972656
2023-11-13,72.80667114257812,425.57427978515625
2023-11-14,73.09416198730469,433.8307800292969
2023-11-15,72.95938873291016,434.7491455078125
2023-11-16,73.08519744873047,435.2809753417969
2023-11-17,73.03130340576172,435.8223876953125
2023-11-20,73.04027557373047,439.17718505859375
2023-11-21,73.08519744873047,438.2200012207031
2023-11-22,73.09416198730469,439.9118957519531
2023-11-24,73.04027557373047,440.1825866699219
2023-11-27,73.130126953125,439.38983154296875
2023-11-28,73.26488494873047,439.8249206542969
2023-11-29,73.40864562988281,439.5154724121094
2023-11-30,73.36373901367188,441.24609375
2023-12-01,73.57731628417969,443.8564147949219
2023-12-04,73.46917724609375,441.52642822265625
2023-12-05,73.5593032836914,441.4394836425781
2023-12-06,73.54129028320312,439.6605224609375
2023-12-07,73.59534454345703,443.0152893066406
2023-12-08,73.43311309814453,444.919921875
2023-12-11,73.45114135742188,446.650390625
2023-12-12,73.46017456054688,448.6903991699219
2023-12-13,73.82966613769531,454.8779296875
2023-12-14,73.95624542236328,456.33782958984375
2023-12-15,73.87488555908203,455.5863952636719
2023-12-18,73.8658447265625,458.149169921875
2023-12-19,73.8929672241211,460.9350891113281
2023-12-20,73.99241638183594,454.5477600097656
2023-12-21,74.06475830078125,458.8577575683594
2023-12-22,74.09185791015625,459.7799377441406
2023-12-26,74.05570220947266,461.7213439941406
2023-12-27,74.14610290527344,462.55615234375
2023-12-28,74.13707733154297,462.73089599609375
2023-12-29,74.1732406616211,461.39129638671875
2024-01-02,74.08282470703125,458.8091735839844
2024-01-03,74.10092163085938,455.062255859375
2024-01-04,74.05570220947266,453.596435546875
2024-01-05,74.03762817382812,454.2177429199219
2024-01-08,74.10092163085938,460.70208740234375
2024-01-09,74.11898040771484,460.0032043457031
2024-01-10,74.11898040771484,462.604736328125
2024-01-11,74.29076385498047,462.40087890625
2024-01-12,74.44445037841797,462.7212219238281
2024-01-16,74.32694244384766,461.0224609375
2024-01-17,74.1822738647461,458.4597473144531
2024-01-18,74.21842193603516,462.5367431640625
2024-01-19,74.16419982910156,468.3028259277344
2024-01-22,74.20035552978516,469.2929992675781
2024-01-23,74.1913070678711,470.66162109375
2024-01-24,74.15514373779297,471.1761474609375
2024-01-25,74.29076385498047,473.7388610839844
2024-01-26,74.2455825805664,473.13702392578125
2024-01-29,74.31790161132812,476.8840026855469
2024-01-30,74.27269744873047,476.5151062011719
2024-01-31,74.4083023071289,468.7396545410156
2024-02-01,74.51893615722656,474.87457275390625
2024-02-02,74.28318786621094,479.8738098144531
2024-02-05,74.13806915283203,478.1264343261719
2024-02-06,74.25596618652344,479.5146179199219
2024-02-07,74.22876739501953,483.5139465332031
2024-02-08,74.21063232421875,483.7275390625
2024-02-09,74.18342590332031,486.523193359375
2024-02-12,74.19248962402344,486.30963134765625
2024-02-13,73.95673370361328,479.61163330078125
2024-02-14,74.06554412841797,483.97021484375
2024-02-15,74.13806915283203,487.30950927734375
2024-02-16,74.04740142822266,484.8827209472656
2024-02-20,74.09275817871094,482.21319580078125
2024-02-21,74.02926635742188,482.6499938964844
2024-02-22,74.02020263671875,492.638671875
2024-02-23,74.05648040771484,492.97845458984375
2024-02-26,74.00205993652344,491.1729431152344
2024-02-27,74.00205993652344,492.0853271484375
2024-02-28,74.07461547851562,491.4350280761719
2024-02-29,74.11996459960938,493.20172119140625
2024-03-01,74.26545715332031,497.83197021484375
2024-03-04,74.19271850585938,497.2981262207031
2024-03-05,74.24727630615234,492.3280334472656
2024-03-06,74.26545715332031,494.82281494140625
2024-03-07,74.35639953613281,499.7346496582031
2024-03-08,74.39278411865234,496.73516845703125
2024-03-11,74.32913208007812,496.3080139160156
2024-03-12,74.25636291503906,501.64697265625
2024-03-13,74.2199935913086,500.8606262207031
2024-03-14,74.15631866455078,499.8705139160156
2024-03-15,74.1108627319336,496.4381103515625
2024-03-18,74.11996459960938,499.38848876953125
2024-03-19,74.18359375,502.16375732421875
2024-03-20,74.30184173583984,506.8083801269531
2024-03-21,74.30184173583984,508.48321533203125
2024-03-22,74.35639953613281,507.51922607421875
2024-03-25,74.32003784179688,506.11700439453125
2024-03-26,74.3382339477539,505.1822204589844
2024-03-27,74.4200668334961,509.427734375
2024-03-28,74.37460327148438,509.33038330078125
2024-04-01,74.2195053100586,508.44427490234375
2024-04-02,74.25597381591797,505.2114562988281
2024-04-03,74.31072235107422,505.7664489746094
2024-04-04,74.38373565673828,499.5930480957031
2024-04-05,74.26510620117188,504.8122253417969
2024-04-08,74.19210052490234,505.0946044921875
2024-04-09,74.26510620117188,505.6788024902344
2024-04-10,73.96399688720703,500.615478515625
2024-04-11,74.05523681640625,504.3935241699219
2024-04-12,74.10086822509766,497.4313659667969
2024-04-15,74.0735092163086,491.1994323730469
2024-04-16,74.02787017822266,490.3036193847656
2024-04-17,74.08259582519531,487.4018859863281
2024-04-18,74.04612731933594,486.39898681640625
2024-04-19,74.06437683105469,482.1534729003906
2024-04-22,74.10086822509766,486.5937194824219
2024-04-23,74.16474151611328,492.3679504394531
2024-04-24,74.13736724853516,492.1342468261719
2024-04-25,74.08259582519531,490.2646179199219
2024-04-26,74.10086822509766,494.90936279296875
2024-04-29,74.13736724853516,496.662109375
2024-04-30,74.04612731933594,488.7943115234375
2024-05-01,74.19441223144531,487.2071838378906
2024-05-02,74.30425262451172,491.76422119140625
2024-05-03,74.42325592041016,497.85980224609375
2024-05-06,74.41410827636719,503.0010681152344
2024-05-07,74.42325592041016,503.55609130859375
2024-05-08,74.40496063232422,503.6048583984375
2024-05-09,74.46903991699219,506.5065002441406
2024-05-10,74.40496063232422,507.1590270996094
2024-05-13,74.42325592041016,507.22705078125
2024-05-14,74.49650573730469,509.5543518066406
2024-05-15,74.63382720947266,515.8640747070312
2024-05-16,74.57887268066406,514.8027954101562
2024-05-17,74.53311920166016,515.5427856445312
2024-05-20,74.51481628417969,516.1368408203125
2024-05-21,74.55143737792969,517.4025268554688
2024-05-22,74.49650573730469,515.9127807617188
2024-05-23,74.45987701416016,512.1444702148438
2024-05-24,74.48734283447266,515.532958984375
2024-05-28,74.42325592041016,515.8932495117188
2024-05-29,74.39579010009766,512.28076171875
2024-05-30,74.47817993164062,508.8824768066406
2024-05-31,74.57887268066406,513.517333984375
2024-06-03,74.66338348388672,513.9360961914062
2024-06-04,74.73683166503906,514.5105590820312
2024-06-05,74.81031799316406,520.6255493164062
2024-06-06,74.81950378417969,520.615966796875
2024-06-07,74.62665557861328,519.9829711914062
2024-06-10,74.63581085205078,521.5896606445312
2024-06-11,74.71849822998047,522.8457641601562
2024-06-12,74.81950378417969,527.1399536132812
2024-06-13,74.93888092041016,528.2012329101562
2024-06-14,74.94806671142578,528.5227661132812
2024-06-17,74.87459564208984,532.7291259765625
2024-06-18,74.97563934326172,534.0825805664062
2024-06-20,74.94806671142578,532.6318359375
2024-06-21,74.97563934326172,531.9176635742188
2024-06-24,74.98479461669922,530.1886596679688
2024-06-25,74.99400329589844,532.2302856445312
2024-06-26,74.92052459716797,532.8946533203125
2024-06-27,74.97563934326172,533.734619140625
2024-06-28,74.98479461669922,531.6343383789062
2024-07-01,74.92029571533203,532.728515625
2024-07-02,74.98479461669922,536.3135375976562
2024-07-03,75.09536743164062,538.7069702148438
2024-07-05,75.23357391357422,541.8134765625
2024-07-08,75.22438049316406,542.4386596679688
2024-07-09,75.2059326171875,542.9661254882812
2024-07-10,75.23357391357422,548.3389282226562
2024-07-11,75.40863800048828,543.61083984375
2024-07-12,75.51922607421875,547.0397338867188
2024-07-15,75.51922607421875,548.5441284179688
2024-07-16,75.54688262939453,551.7970581054688
2024-07-17,75.55609893798828,544.0602416992188
2024-07-18,75.51922607421875,539.8792114257812
2024-07-19,75.48236846923828,536.2940063476562
2024-07-22,75.4915771484375,541.8231811523438
2024-07-23,75.52843475341797,540.973388671875
2024-07-24,75.56529998779297,528.7135009765625
2024-07-25,75.57449340820312,525.9588012695312
2024-07-26,75.67587280273438,531.8493041992188
2024-07-29,75.68506622314453,532.1619262695312
2024-07-30,75.71271514892578,529.4657592773438
2024-07-31,75.86935424804688,538.072021484375
2024-08-01,76.00064849853516,530.452392578125
2024-08-02,76.42588806152344,520.5762939453125
2024-08-05,76.40741729736328,505.41510009765625
2024-08-06,76.31497192382812,510.07476806640625
2024-08-07,76.26873016357422,506.66546630859375
2024-08-08,76.23176574707031,518.3782958984375
2024-08-09,76.250244140625,520.6641235351562
2024-08-12,76.29645538330078,520.9376220703125
2024-08-13,76.4166488647461,529.5047607421875
2024-08-14,76.40741729736328,531.1753540039062
2024-08-15,76.22249603271484,540.2796630859375
2024-08-16,76.30570220947266,541.4910278320312
2024-08-19,76.28720092773438,546.66845703125
2024-08-20,76.3981704711914,545.7796020507812
2024-08-21,76.48136138916016,547.655029296875
2024-08-22,76.37967681884766,543.3568115234375
2024-08-23,76.55531311035156,549.1301879882812
2024-08-26,76.5183334350586,547.8212280273438
2024-08-27,76.5645751953125,548.5733642578125
2024-08-28,76.55531311035156,545.3888549804688
2024-08-29,76.54608154296875,545.4375
2024-08-30,76.54608154296875,550.6443481445312
2024-09-03,76.62769317626953,539.3126220703125
2024-09-04,76.7947006225586,538.2086791992188
2024-09-05,76.82251739501953,536.8997192382812
2024-09-06,76.961669921875,527.8637084960938
2024-09-09,76.970947265625,533.773681640625
2024-09-10,77.08229064941406,536.0987548828125
2024-09-11,77.01734924316406,541.5984497070312
2024-09-12,77.02660369873047,546.1605224609375
2024-09-13,77.1379623413086,549.012939453125
2024-09-16,77.18431854248047,549.8238525390625
2024-09-17,77.1286849975586,550.0484619140625
2024-09-18,77.10083770751953,548.4171752929688
2024-09-19,77.16577911376953,557.7755737304688
2024-09-20,77.19359588623047,556.811279296875
2024-09-23,77.19359588623047,558.2028198242188
2024-09-24,77.26783752441406,559.7999267578125
2024-09-25,77.20287322998047,558.5652465820312
2024-09-26,77.1286849975586,560.7798461914062
2024-09-27,77.24925231933594,559.966552734375
2024-09-30,77.1379623413086,562.2103881835938
2024-10-01,77.1872787475586,557.1739501953125
2024-10-02,77.16867065429688,557.4090576171875
2024-10-03,77.06629180908203,556.3900146484375
2024-10-04,76.80565643310547,561.4462280273438
2024-10-07,76.70330047607422,556.3704223632812
2024-10-08,76.76844024658203,561.6322631835938
2024-10-09,76.69395446777344,565.5223999023438
2024-10-10,76.7591323852539,564.5326538085938
2024-10-11,76.82428741455078,567.913330078125
2024-10-14,76.78704833984375,572.557861328125
2024-10-15,76.82428741455078,568.1091918945312
2024-10-16,76.87081146240234,570.57861328125
2024-10-17,76.80565643310547,570.6275634765625
2024-10-18,76.87081146240234,572.822509765625
2024-10-21,76.7591323852539,571.8817138671875
2024-10-22,76.74982452392578,571.5779418945312
2024-10-23,76.70330047607422,566.3552856445312
2024-10-24,76.74050903320312,567.580078125
2024-10-25,76.71258544921875,567.3840942382812
2024-10-28,76.67536926269531,569.1380615234375
2024-10-29,76.70330047607422,570.0592041015625
2024-10-30,76.63810729980469,568.3345947265625
2024-10-31,76.65673065185547,557.193603515625
2024-11-01,76.63153076171875,559.5451049804688
2024-11-04,76.68759155273438,558.3399047851562
2024-11-05,76.66888427734375,565.0912475585938
2024-11-06,76.57550811767578,579.142578125
2024-11-07,76.70623779296875,583.6206665039062
2024-11-08,76.65022277832031,586.148681640625
2024-11-11,76.59416961669922,586.7072143554688
2024-11-12,76.51944732666016,584.8846435546875
2024-11-13,76.63153076171875,585.1688232421875
2024-11-14,76.51944732666016,581.406005859375
2024-11-15,76.60350036621094,573.9591064453125
2024-11-18,76.65955352783203,576.3108520507812
2024-11-19,76.65955352783203,578.41748046875
2024-11-20,76.62220001220703,578.613525390625
2024-11-21,76.60350036621094,581.7196655273438
2024-11-22,76.59416961669922,583.5226440429688
2024-11-25,76.74360656738281,585.501953125
2024-11-26,76.74360656738281,588.5592651367188
2024-11-27,76.79029846191406,586.7758178710938
2024-11-29,76.88369750976562,590.4208984375
2024-12-02,76.87902069091797,591.4791259765625
2024-12-03,76.88838958740234,591.7535400390625
2024-12-04,76.97270202636719,595.427978515625
2024-12-05,76.97270202636719,594.4481201171875
2024-12-06,77.04768371582031,595.5750122070312
2024-12-09,77.01956176757812,592.5079956054688
2024-12-10,77.01018524169922,590.6658935546875
2024-12-11,76.99144744873047,595.2321166992188
2024-12-12,76.9539566040039,592.1651000976562
2024-12-13,76.9164810180664,592.0475463867188
2024-12-16,76.92586517333984,594.5755004882812
2024-12-17,76.93525695800781,592.1258544921875
2024-12-18,76.79420471191406,574.4784545898438
2024-12-19,76.87882232666016,574.302001953125
2024-12-20,76.88823699951172,581.199951171875
2024-12-23,76.8412094116211,584.6803588867188
2024-12-24,76.87882232666016,591.1791381835938
2024-12-26,76.89763641357422,591.2184448242188
2024-12-27,76.91641235351562,584.9949340820312
2024-12-30,77.02925109863281,578.3192749023438
2024-12-31,77.07627868652344,576.2153930664062
2025-01-02,77.05745697021484,574.799560546875
2025-01-03,77.05745697021484,581.9865112304688
2025-01-06,77.07627868652344,585.3390502929688
2025-01-07,77.02925109863281,578.7223510742188
2025-01-08,77.07627868652344,579.5678100585938
2025-01-10,76.93524932861328,570.7192993164062
2025-01-13,76.95402526855469,571.6041870117188
2025-01-14,76.97283935546875,572.3908081054688
2025-01-15,77.14208984375,582.8026123046875
2025-01-16,77.1890869140625,581.6817016601562
2025-01-17,77.1702651977539,587.521728515625
2025-01-21,77.19847869873047,592.8995971679688
2025-01-22,77.17967224121094,596.2325439453125
2025-01-23,77.17967224121094,599.4868774414062
2025-01-24,77.22669219970703,597.7367553710938
2025-01-27,77.33951568603516,589.2815551757812
2025-01-28,77.35830688476562,594.3449096679688
2025-01-29,77.31128692626953,591.6805419921875
2025-01-30,77.35830688476562,594.8561401367188
2025-01-31,77.3676986694336,591.6903686523438
2025-02-03,77.31393432617188,587.70849609375
2025-02-04,77.38941955566406,591.6510009765625
2025-02-05,77.43656921386719,594.0498657226562
2025-02-06,77.40826416015625,596.1145629882812
2025-02-07,77.32337951660156,590.6580200195312
2025-02-10,77.3611068725586,594.6693115234375
2025-02-11,77.34225463867188,595.1216430664062
2025-02-12,77.23848724365234,593.2044067382812
2025-02-13,77.34225463867188,599.4672241210938
2025-02-14,77.44600677490234,599.437744140625
2025-02-18,77.3799819946289,601.1975708007812
2025-02-19,77.43656921386719,602.61328125
2025-02-20,77.44600677490234,600.1062622070312
2025-02-21,77.57806396484375,589.842041015625
2025-02-24,77.63467407226562,587.1580200195312
2025-02-25,77.73844909667969,584.2379150390625
2025-02-26,77.7667465209961,584.5328979492188
2025-02-27,77.79503631591797,575.20263671875
2025-02-28,77.93653106689453,584.178955078125
2025-03-03,77.9866714477539,573.9441528320312
2025-03-04,77.99613189697266,567.1505126953125
2025-03-05,77.91098022460938,573.2460327148438
2025-03-06,77.95829772949219,563.0703735351562
2025-03-07,77.94883728027344,566.2262573242188
2025-03-10,78.09075927734375,551.1444702148438
2025-03-11,78.04344177246094,546.5629272460938
2025-03-12,77.9866714477539,549.4632568359375
2025-03-13,78.04344177246094,542.138671875
2025-03-14,77.9866714477539,553.3369750976562
2025-03-17,77.95829772949219,557.6039428710938
2025-03-18,77.95829772949219,551.5770874023438
2025-03-19,78.07186126708984,557.5842895507812
2025-03-20,78.09075927734375,555.9718627929688
2025-03-21,78.13807678222656,556.1552124023438
2025-03-24,78.03398895263672,566.1151733398438
2025-03-25,78.06236267089844,567.4760131835938
2025-03-26,78.04344177246094,560.7013549804688
2025-03-27,78.08130645751953,559.2122802734375
2025-03-28,78.22322845458984,547.9507446289062
2025-03-31,78.28002166748047,551.62890625
2025-04-01,78.30848693847656,553.18701171875
2025-04-02,78.25151062011719,556.687744140625
2025-04-03,78.54584503173828,529.2537231445312
2025-04-04,78.4983901977539,498.26971435546875
2025-04-07,78.50786590576172,497.3821716308594
2025-04-08,78.46040344238281,489.5918273925781
2025-04-09,78.41291809082031,541.0084228515625
2025-04-10,78.4034194946289,517.3019409179688
2025-04-11,78.2610092163086,526.5320434570312
2025-04-14,78.43193817138672,531.6402587890625
2025-04-15,78.43193817138672,530.151123046875
2025-04-16,78.53634643554688,518.3668823242188
2025-04-17,78.5648422241211,519.1065063476562
2025-04-21,78.51734924316406,506.7503662109375
2025-04-22,78.54584503173828,519.9348754882812
2025-04-23,78.48888397216797,527.9915161132812
2025-04-24,78.58382415771484,539.1051635742188
2025-04-25,78.65028381347656,543.0003662109375
2025-04-28,78.76421356201172,543.2073974609375
2025-04-29,78.81168365478516,546.6293334960938
2025-04-30,78.9161148071289,546.8462524414062
2025-05-01,78.75325775146484,550.7216186523438
2025-05-02,78.60087585449219,558.8966674804688
2025-05-05,78.59135437011719,555.6918334960938
2025-05-06,78.65801239013672,551.0471801757812
2025-05-07,78.68659210205078,553.3645629882812
2025-05-08,78.52467346191406,557.22021484375
2025-05-09,78.5627670288086,556.5103149414062
2025-05-12,78.419921875,574.9015502929688
2025-05-13,78.40087127685547,578.6981201171875
2025-05-14,78.34373474121094,579.437744140625
2025-05-15,78.4961166381836,582.2678833007812
2025-05-16,78.4770736694336,585.9559936523438
2025-05-19,78.5056381225586,586.5969848632812
2025-05-20,78.51516723632812,584.6246948242188
2025-05-21,78.46753692626953,574.7733154296875
2025-05-22,78.51516723632812,575.0001220703125
2025-05-23,78.5627670288086,571.0753784179688
2025-05-27,78.59135437011719,582.9483032226562
2025-05-28,78.53421020507812,579.5758056640625
2025-05-29,78.61993408203125,581.8635864257812
2025-05-30,78.71516418457031,581.2127685546875
2025-06-02,78.65018463134766,584.4866943359375
2025-06-03,78.6310806274414,587.8198852539062
2025-06-04,78.7744140625,587.6619262695312
2025-06-05,78.68840789794922,584.8219604492188
2025-06-06,78.55462646484375,590.8275146484375
2025-06-09,78.61195373535156,591.3599243164062
2025-06-10,78.61195373535156,594.7128295898438
2025-06-11,78.73619842529297,593.0166015625
2025-06-12,78.80307006835938,595.37353515625
2025-06-13,78.74575805664062,588.7171020507812
2025-06-16,78.73619842529297,594.318359375
2025-06-17,78.7744140625,589.2398071289062
2025-06-18,78.8126220703125,589.1510620117188
2025-06-20,78.8699722290039,587.7673950195312
2025-06-23,78.97506713867188,593.5730590820312
2025-06-24,79.04196166992188,600.1304321289062
2025-06-25,79.051513671875,600.4666748046875
2025-06-26,79.14706420898438,605.16455078125
2025-06-27,79.11841583251953,608.1712646484375
2025-06-30,79.17573547363281,611.0791015625
2025-07-01,79.09331512451172,610.8812866210938
2025-07-02,79.08370208740234,613.650634765625
2025-07-03,78.99744415283203,618.4869995117188
2025-07-07,78.97826385498047,613.8780517578125
2025-07-08,78.98785400390625,613.5418090820312
2025-07-09,79.05494689941406,617.2210693359375
2025-07-10,79.05494689941406,618.9617309570312
2025-07-11,79.03577423095703,616.7858276367188
2025-07-14,79.04537200927734,617.9628295898438
2025-07-15,78.96868133544922,615.3220825195312
2025-07-16,79.0741195678711,617.3792724609375
2025-07-17,79.04537200927734,621.1573486328125
2025-07-18,79.11246490478516,620.7024536132812
2025-07-21,79.160400390625,621.87939453125
2025-07-22,79.2179183959961,621.9683837890625
2025-07-23,79.15080261230469,627.2598266601562
2025-07-24,79.08370208740234,627.4674072265625
2025-07-25,79.13163757324219,630.1181030273438
2025-07-28,79.12205505371094,629.9598388671875
2025-07-29,79.18916320800781,628.29833984375
2025-07-30,79.1028823852539,627.5070190429688
2025-07-31,79.1028823852539,625.1531372070312
2025-08-01,79.4971923828125,614.9066772460938
2025-08-04,79.51643371582031,624.2530517578125
2025-08-05,79.4875717163086,621.088134765625
2025-08-06,79.51643371582031,625.845458984375
2025-08-07,79.47795867919922,625.3212280273438
2025-08-08,79.458740234375,630.1972045898438
2025-08-11,79.458740234375,628.9509887695312
2025-08-12,79.51643371582031,635.6468505859375
2025-08-13,79.6222152709961,637.82275390625
2025-08-14,79.53565979003906,637.882080078125
2025-08-15,79.50682067871094,636.388671875
2025-08-18,79.50682067871094,636.2501220703125
2025-08-19,79.54528045654297,632.7984008789062
2025-08-20,79.57412719726562,631.1170043945312
2025-08-21,79.50682067871094,628.5851440429688
2025-08-22,79.67992401123047,638.2380981445312
2025-08-25,79.6414566040039,635.4292602539062
2025-08-26,79.70877075195312,638.0897216796875
2025-08-27,79.76647186279297,639.543701171875
2025-08-28,79.73764038085938,641.8085327148438
2025-08-29,79.80493927001953,637.9810180664062
2025-09-02,79.7644271850586,633.2533569335938
2025-09-03,79.82231140136719,636.6853637695312
2025-09-04,79.88019561767578,642.00634765625
2025-09-05,79.99596405029297,640.14697265625
2025-09-08,80.04420471191406,641.7195434570312
2025-09-09,79.97667694091797,643.203125
2025-09-10,79.98632049560547,645.0625
2025-09-11,80.0152587890625,650.4232177734375
2025-09-12,80.005615234375,650.2054443359375
2025-09-15,80.0345458984375,653.6671142578125
2025-09-16,80.0731430053711,652.7671508789062
2025-09-17,80.0345458984375,651.9561157226562
2025-09-18,80.005615234375,655.0023803710938
2025-09-19,80.0345458984375,658.2465209960938
2025-09-22,79.99596405029297,661.3607177734375
2025-09-23,80.02490234375,657.7606201171875
2025-09-24,79.98632049560547,655.6678466796875
2025-09-25,79.91878509521484,652.6429443359375
2025-09-26,79.9670181274414,656.3819580078125
2025-09-29,79.99596405029297,658.2266845703125
2025-09-30,80.0345458984375,660.7061157226562
2025-10-01,80.12745666503906,662.95751953125
2025-10-02,80.14682006835938,663.7210693359375
2025-10-03,80.1177749633789,663.7113037109375
2025-10-06,80.09842681884766,666.0914916992188
2025-10-07,80.13713836669922,663.6219482421875
2025-10-08,80.12745666503906,667.5791625976562
2025-10-09,80.1177749633789,665.6452026367188
2025-10-10,80.25326538085938,647.6542358398438
2025-10-13,80.4081039428711,657.5919189453125
2025-10-14,80.35003662109375,656.78857421875
2025-10-15,80.31132507324219,659.7044067382812
2025-10-16,80.41777038574219,655.2116088867188
2025-10-17,80.4081039428711,658.9308471679688
2025-10-20,80.41777038574219,665.7840576171875
2025-10-21,80.43712615966797,665.7741088867188
2025-10-22,80.43712615966797,662.3128051757812
2025-10-23,80.37906646728516,666.2402954101562
2025-10-24,80.42745208740234,671.6851806640625
2025-10-27,80.4081039428711,679.6095581054688
2025-10-28,80.41777038574219,681.41455078125
2025-10-29,80.262939453125,681.7418823242188
2025-10-30,80.27261352539062,674.2440185546875
2025-10-31,80.30164337158203,676.4556274414062
2025-11-03,80.30455780029297,677.72509765625
2025-11-04,80.33367919921875,669.691650390625
2025-11-05,80.27543640136719,672.012451171875
2025-11-06,80.37251281738281,664.8021850585938
2025-11-07,80.4113540649414,665.4567260742188
2025-11-10,80.39192962646484,675.8406982421875
2025-11-11,80.45988464355469,677.387939453125
2025-11-12,80.4307632446289,677.7648315429688
2025-11-13,80.3822250366211,666.5180053710938
2025-11-14,80.4113540649414,666.4088134765625
2025-11-17,80.40164947509766,660.2003173828125
2025-11-18,80.45018768310547,654.65625
2025-11-19,80.44047546386719,657.185302734375
2025-11-20,80.50843048095703,647.1683349609375
2025-11-21,80.60550689697266,653.6148681640625
2025-11-24,80.6152114868164,663.2351684570312
2025-11-25,80.66375732421875,669.4735717773438
2025-11-26,80.654052734375,674.09521484375
2025-11-28,80.654052734375,677.7747192382812
2025-12-01,80.58490753173828,674.6803588867188
2025-12-02,80.63359832763672,675.9299926757812
2025-12-03,80.68228912353516,678.2706298828125
2025-12-04,80.62386322021484,678.7664794921875
2025-12-05,80.59464263916016,680.0557861328125
2025-12-08,80.5751724243164,678.0126953125
2025-12-09,80.53621673583984,677.4276123046875
2025-12-10,80.67254638671875,681.92041015625
2025-12-11,80.68228912353516,683.5072021484375
2025-12-12,80.69203186035156,676.1581420898438
2025-12-15,80.74070739746094,675.1365966796875
2025-12-16,80.77965545654297,673.2918701171875
2025-12-17,80.78939056396484,665.8832397460938
2025-12-18,80.84781646728516,670.9115600585938
2025-12-19,80.83316802978516,676.9923095703125
2025-12-22,80.7940902709961,681.2098999023438
2025-12-23,80.75503540039062,684.3233032226562
2025-12-24,80.80387115478516,686.7305297851562
2025-12-26,80.86246490478516,686.660888671875
2025-12-29,80.90154266357422,684.2138671875
2025-12-30,80.92106628417969,683.3783569335938
2025-12-31,80.89177703857422,678.3152465820312
2026-01-02,80.93083953857422,679.55859375
2026-01-05,80.96012878417969,684.0845336914062
2026-01-06,80.96990203857422,688.1529541015625
2026-01-07,80.96012878417969,685.9347534179688
2026-01-08,80.93083953857422,685.8651123046875
2026-01-09,80.90154266357422,690.4010009765625
2026-01-12,80.90154266357422,691.4852294921875
2026-01-13,80.92106628417969,690.1026000976562
2026-01-14,80.94061279296875,686.7106323242188
2026-01-15,80.88200378417969,688.5806884765625
2026-01-16,80.86246490478516,688.0037231445312
2026-01-20,80.87223815917969,673.9981689453125
2026-01-21,80.91130065917969,681.77685546875
2026-01-22,80.88200378417969,685.3379516601562
2026-01-23,80.91130065917969,685.5865478515625
2026-01-26,80.94061279296875,689.0680541992188
2026-01-27,80.96012878417969,691.8134765625
2026-01-28,80.96012878417969,691.7438354492188
2026-01-29,80.98944091796875,690.3711547851562
2026-01-30,81.05782318115234,688.3120727539062
2026-02-02,81.01862335205078,691.7339477539062
2026-02-03,81.00883483886719,685.885009765625
2026-02-04,81.04802703857422,682.5626831054688
2026-02-05,81.17537689208984,674.0379638671875
2026-02-06,81.17537689208984,686.96923828125
2026-02-09,81.1949691772461,690.2816772460938
2026-02-10,81.24394226074219,688.4613037109375
2026-02-11,81.16556549072266,688.3021850585938
2026-02-12,81.24394226074219,677.668701171875
2026-02-13,81.37129974365234,678.1461181640625
2026-02-17,81.34192657470703,679.2402954101562
2026-02-18,81.29293823242188,682.662109375
2026-02-19,81.29293823242188,680.8616333007812
2026-02-20,81.302734375,685.7855834960938
2026-02-23,81.37129974365234,678.7827758789062
2026-02-24,81.37129974365234,683.7164916992188
2026-02-25,81.35171508789062,689.4859008789062
2026-02-26,81.38109588623047,685.6561889648438
2026-02-27,81.48886108398438,682.3637084960938
2026-03-02,81.34447479248047,682.751708984375
2026-03-03,81.33464813232422,676.7337036132812
2026-03-04,81.28553009033203,681.5082397460938
2026-03-05,81.22660064697266,677.70849609375
2026-03-06,81.2658920288086,668.82568359375
2026-03-09,81.30516815185547,674.6845703125
2026-03-10,81.25605773925781,673.6002807617188
2026-03-11,81.17747497558594,672.7548217773438
2026-03-12,81.03994750976562,662.5390625
2026-03-13,81.08906555175781,658.7890014648438
2026-03-16,81.18731689453125,665.493408203125
2026-03-17,81.19713592529297,667.2440185546875
2026-03-18,81.0497817993164,657.9335327148438
2026-03-19,81.0301284790039,656.3121948242188
2026-03-20,80.85331726074219,646.9034423828125
2026-03-23,80.97119140625,653.6959228515625
2026-03-24,80.85331726074219,651.5015869140625
2026-03-25,80.94173431396484,655.1322021484375
2026-03-26,80.76493072509766,643.432373046875
2026-03-27,80.93191528320312,632.4606323242188
2026-03-30,81.03994750976562,630.3460693359375
2026-03-31,81.10871887207031,648.6688842773438
2026-04-01,81.10576629638672,653.5562744140625
2026-04-02,81.14517211914062,654.144775390625
2026-04-06,81.06633758544922,657.23681640625
2026-04-07,81.12545776367188,657.5260009765625
2026-04-08,81.20427703857422,674.27294921875
2026-04-09,81.2239990234375,678.162841796875
2026-04-10,81.1944351196289,677.7140502929688
2026-04-13,81.2535400390625,684.3369750976562
2026-04-14,81.31266021728516,692.675537109375
2026-04-15,81.29296112060547,698.1414184570312
2026-04-16,81.26339721679688,699.8569946289062
2026-04-17,81.42103576660156,708.3152465820312
2026-04-20,81.38162994384766,706.8988037109375
2026-04-21,81.26339721679688,702.2708129882812
2026-04-22,81.30280303955078,709.3825073242188
2026-04-23,81.26339721679688,706.6295776367188
2026-04-24,81.35206604003906,712.10546875
2026-04-27,81.33236694335938,713.332275390625
2026-04-28,81.2831039428711,709.8612060546875
2026-04-29,81.17472839355469,709.7515258789062
2026-04-30,81.26339721679688,716.8132934570312
2026-05-01,81.27625274658203,718.7982177734375
2026-05-04,81.17743682861328,716.1649780273438
2026-05-05,81.21696472167969,721.9102172851562
2026-05-06,81.3256607055664,731.9443359375
2026-05-07,81.25648498535156,729.7001342773438
2026-05-08,81.3256607055664,735.724609375
2026-05-11,81.2466049194336,737.4002685546875
2026-05-12,81.18732452392578,736.2831420898438
2026-05-13,81.21696472167969,740.4025268554688
2026-05-14,81.18732452392578,746.2474975585938
2026-05-15,81.08850860595703,737.2706298828125
2026-05-18,81.12802124023438,736.751953125
2026-05-19,81.06873321533203,731.8446044921875
2026-05-20,81.17743682861328,739.3452758789062
2026-05-21,81.16754913330078,740.8114624023438
2026-05-22,81.14778900146484,743.7239990234375
2026-05-26,81.23672485351562,748.6613159179688
2026-05-27,81.2466049194336,748.5316162109375
2026-05-28,81.28614044189453,752.6609497070312
2026-05-29,81.3256607055664,754.5361328125
2026-06-01,81.2790756225586,756.5908203125
2026-06-02,81.2790756225586,757.6182250976562
2026-06-03,81.23944091796875,752.3018798828125
2026-06-04,81.29889678955078,755.1445922851562
2026-06-05,81.13041687011719,735.65478515625
2026-06-08,81.17005920410156,737.3204345703125
2026-06-09,81.20970916748047,735.1560668945312
2026-06-10,81.20970916748047,723.56591796875
2026-06-11,81.35836029052734,735.8642578125
2026-06-12,81.33854675292969,739.843994140625
2026-06-15,81.37818908691406,752.890380859375
2026-06-16,81.39800262451172,748.4019775390625
2026-06-17,81.15023803710938,739.0560302734375
2026-06-18,81.2592544555664,746.739990234375
2026-06-22,81.17996978759766,744.3900146484375
2026-06-23,81.23944091796875,733.5800170898438
2026-06-24,81.33854675292969,733.239990234375
2026-06-25,81.35836029052734,734.2999877929688
2026-06-26,81.45747375488281,728.989990234375
2026-06-29,81.43765258789062,741.0
2026-06-30,81.37818908691406,746.77001953125
2026-07-01,81.34638214111328,745.760009765625
2026-07-02,81.44578552246094,744.780029296875
2026-07-06,81.48554229736328,751.280029296875
2026-07-07,81.36626434326172,747.7100219726562
2026-07-08,81.34638214111328,745.4000244140625
2026-07-09,81.41596221923828,751.7100219726562
2026-07-10,81.38613891601562,754.9500122070312
2026-07-13,81.29668426513672,749.1699829101562
2026-07-14,81.43583679199219,751.8300170898438
2026-07-15,81.50541687011719,754.8099975585938
2026-07-16,81.50541687011719,750.719970703125
2026-07-17,81.49547576904297,743.2899780273438
2026-07-20,81.46566009521484,742.0900268554688
2026-07-21,81.39608001708984,748.280029296875
2026-07-22,81.3364486694336,747.4099731445312
2026-07-23,81.27680206298828,738.1799926757812
2026-07-24,81.3563232421875,738.9299926757812
2026-07-27,81.37620544433594,739.0900268554688
2026-07-28,81.44578552246094,740.8599853515625
2026-07-29,81.49547576904297,729.4600219726562
2026-07-30,81.5153579711914,741.6900024414062
2026-07-31,81.50541687011719,747.030029296875
2026-08-03,81.52635192871094,757.6699829101562
2026-08-04,81.62606048583984,771.3300170898438
2026-08-05,81.65596771240234,769.7899780273438
2026-08-06,81.55626678466797,768.5599975585938
2026-08-07,81.6759033203125,773.260009765625
2026-08-10,81.6160888671875,773.030029296875
2026-08-11,81.62606048583984,770.5599975585938
2026-08-12,81.6759033203125,772.489990234375
2026-08-13,81.78557586669922,777.8800048828125
2026-08-14,81.75566864013672,776.3400268554688
2026-08-17,81.75566864013672,772.6699829101562
2026-08-18,81.77560424804688,767.4500122070312
2026-08-19,81.81549072265625,769.0599975585938
2026-08-20,81.77560424804688,762.5999755859375
2026-08-21,81.75566864013672,765.719970703125
2026-08-24,81.75566864013672,763.469970703125
2026-08-25,81.83543395996094,765.9099731445312
2026-08-26,81.80552673339844,766.0800170898438
2026-08-27,81.7955551147461,771.0999755859375
2026-08-28,81.64599609375,769.3499755859375
2026-08-31,81.64599609375,767.0499877929688
2026-09-01,81.58999633789062,761.780029296875
2026-09-02,81.63999938964844,765.1599731445312
2026-09-03,81.70999908447266,773.1699829101562
2026-09-04,81.69000244140625,770.1900024414062
2026-09-08,81.66000366210938,765.9600219726562
2026-09-09,81.62999725341797,762.4000244140625
2026-09-10,81.41999816894531,757.8300170898438
2026-09-11,81.37000274658203,764.2899780273438
2026-09-14,81.33999633789062,760.8800048828125
2026-09-15,81.30999755859375,757.3900146484375
2026-09-16,81.23999786376953,754.0499877929688
2026-09-17,81.32499694824219,762.4099731445312
